year,crime_label,nationality_label,count
2017,abusos_agresiones_menores16,africa,17.0
2017,abusos_agresiones_menores16,america,39.0
2017,abusos_agresiones_menores16,asia,3.0
2017,abusos_agresiones_menores16,española,249.0
2017,abusos_agresiones_menores16,europa_no_ue28,0.0
2017,abusos_agresiones_menores16,oceania,0.0
2017,abusos_agresiones_menores16,total,320.0
2017,abusos_agresiones_menores16,ue28_excl_espana,12.0
2017,abusos_sexuales,africa,47.0
2017,abusos_sexuales,america,86.0
2017,abusos_sexuales,asia,40.0
2017,abusos_sexuales,española,715.0
2017,abusos_sexuales,europa_no_ue28,12.0
2017,abusos_sexuales,oceania,1.0
2017,abusos_sexuales,total,956.0
2017,abusos_sexuales,ue28_excl_espana,55.0
2017,acoso_sexual,africa,2.0
2017,acoso_sexual,america,1.0
2017,acoso_sexual,asia,1.0
2017,acoso_sexual,española,38.0
2017,acoso_sexual,europa_no_ue28,0.0
2017,acoso_sexual,oceania,0.0
2017,acoso_sexual,total,45.0
2017,acoso_sexual,ue28_excl_espana,3.0
2017,agresion_sexual,africa,41.0
2017,agresion_sexual,america,38.0
2017,agresion_sexual,asia,11.0
2017,agresion_sexual,española,223.0
2017,agresion_sexual,europa_no_ue28,3.0
2017,agresion_sexual,oceania,0.0
2017,agresion_sexual,total,360.0
2017,agresion_sexual,ue28_excl_espana,44.0
2017,agresiones_sexuales,africa,52.0
2017,agresiones_sexuales,america,41.0
2017,agresiones_sexuales,asia,11.0
2017,agresiones_sexuales,española,235.0
2017,agresiones_sexuales,europa_no_ue28,3.0
2017,agresiones_sexuales,oceania,0.0
2017,agresiones_sexuales,total,387.0
2017,agresiones_sexuales,ue28_excl_espana,45.0
2017,cap8_total,africa,143.0
2017,cap8_total,america,214.0
2017,cap8_total,asia,61.0
2017,cap8_total,española,2103.0
2017,cap8_total,europa_no_ue28,33.0
2017,cap8_total,oceania,2.0
2017,cap8_total,total,2764.0
2017,cap8_total,ue28_excl_espana,208.0
2017,exhibicionismo,africa,17.0
2017,exhibicionismo,america,23.0
2017,exhibicionismo,asia,1.0
2017,exhibicionismo,española,344.0
2017,exhibicionismo,europa_no_ue28,3.0
2017,exhibicionismo,oceania,1.0
2017,exhibicionismo,total,414.0
2017,exhibicionismo,ue28_excl_espana,25.0
2017,prostitucion_menores,africa,8.0
2017,prostitucion_menores,america,24.0
2017,prostitucion_menores,asia,5.0
2017,prostitucion_menores,española,522.0
2017,prostitucion_menores,europa_no_ue28,15.0
2017,prostitucion_menores,oceania,0.0
2017,prostitucion_menores,total,642.0
2017,prostitucion_menores,ue28_excl_espana,68.0
2017,violacion,africa,11.0
2017,violacion,america,3.0
2017,violacion,asia,0.0
2017,violacion,española,12.0
2017,violacion,europa_no_ue28,0.0
2017,violacion,oceania,0.0
2017,violacion,total,27.0
2017,violacion,ue28_excl_espana,1.0
2018,abusos_agresiones_menores16,africa,14.0
2018,abusos_agresiones_menores16,america,56.0
2018,abusos_agresiones_menores16,asia,13.0
2018,abusos_agresiones_menores16,española,355.0
2018,abusos_agresiones_menores16,europa_no_ue28,0.0
2018,abusos_agresiones_menores16,oceania,0.0
2018,abusos_agresiones_menores16,total,453.0
2018,abusos_agresiones_menores16,ue28_excl_espana,15.0
2018,abusos_sexuales,africa,61.0
2018,abusos_sexuales,america,95.0
2018,abusos_sexuales,asia,20.0
2018,abusos_sexuales,española,741.0
2018,abusos_sexuales,europa_no_ue28,15.0
2018,abusos_sexuales,oceania,0.0
2018,abusos_sexuales,total,1011.0
2018,abusos_sexuales,ue28_excl_espana,79.0
2018,acoso_sexual,africa,2.0
2018,acoso_sexual,america,6.0
2018,acoso_sexual,asia,0.0
2018,acoso_sexual,española,49.0
2018,acoso_sexual,europa_no_ue28,0.0
2018,acoso_sexual,oceania,0.0
2018,acoso_sexual,total,59.0
2018,acoso_sexual,ue28_excl_espana,2.0
2018,agresion_sexual,africa,60.0
2018,agresion_sexual,america,36.0
2018,agresion_sexual,asia,24.0
2018,agresion_sexual,española,197.0
2018,agresion_sexual,europa_no_ue28,0.0
2018,agresion_sexual,oceania,0.0
2018,agresion_sexual,total,354.0
2018,agresion_sexual,ue28_excl_espana,37.0
2018,agresiones_sexuales,africa,68.0
2018,agresiones_sexuales,america,42.0
2018,agresiones_sexuales,asia,24.0
2018,agresiones_sexuales,española,213.0
2018,agresiones_sexuales,europa_no_ue28,0.0
2018,agresiones_sexuales,oceania,0.0
2018,agresiones_sexuales,total,386.0
2018,agresiones_sexuales,ue28_excl_espana,39.0
2018,cap8_total,africa,177.0
2018,cap8_total,america,271.0
2018,cap8_total,asia,64.0
2018,cap8_total,española,2184.0
2018,cap8_total,europa_no_ue28,18.0
2018,cap8_total,oceania,0.0
2018,cap8_total,total,2917.0
2018,cap8_total,ue28_excl_espana,203.0
2018,exhibicionismo,africa,19.0
2018,exhibicionismo,america,22.0
2018,exhibicionismo,asia,3.0
2018,exhibicionismo,española,320.0
2018,exhibicionismo,europa_no_ue28,2.0
2018,exhibicionismo,oceania,0.0
2018,exhibicionismo,total,394.0
2018,exhibicionismo,ue28_excl_espana,28.0
2018,prostitucion_menores,africa,13.0
2018,prostitucion_menores,america,50.0
2018,prostitucion_menores,asia,4.0
2018,prostitucion_menores,española,506.0
2018,prostitucion_menores,europa_no_ue28,1.0
2018,prostitucion_menores,oceania,0.0
2018,prostitucion_menores,total,614.0
2018,prostitucion_menores,ue28_excl_espana,40.0
2018,violacion,africa,8.0
2018,violacion,america,6.0
2018,violacion,asia,0.0
2018,violacion,española,16.0
2018,violacion,europa_no_ue28,0.0
2018,violacion,oceania,0.0
2018,violacion,total,32.0
2018,violacion,ue28_excl_espana,2.0
2019,abusos_agresiones_menores16,africa,23.0
2019,abusos_agresiones_menores16,america,53.0
2019,abusos_agresiones_menores16,asia,8.0
2019,abusos_agresiones_menores16,española,423.0
2019,abusos_agresiones_menores16,europa_no_ue28,2.0
2019,abusos_agresiones_menores16,oceania,0.0
2019,abusos_agresiones_menores16,total,529.0
2019,abusos_agresiones_menores16,ue28_excl_espana,20.0
2019,abusos_sexuales,africa,93.0
2019,abusos_sexuales,america,113.0
2019,abusos_sexuales,asia,26.0
2019,abusos_sexuales,española,878.0
2019,abusos_sexuales,europa_no_ue28,11.0
2019,abusos_sexuales,oceania,2.0
2019,abusos_sexuales,total,1218.0
2019,abusos_sexuales,ue28_excl_espana,95.0
2019,acoso_sexual,africa,2.0
2019,acoso_sexual,america,5.0
2019,acoso_sexual,asia,0.0
2019,acoso_sexual,española,61.0
2019,acoso_sexual,europa_no_ue28,0.0
2019,acoso_sexual,oceania,0.0
2019,acoso_sexual,total,69.0
2019,acoso_sexual,ue28_excl_espana,1.0
2019,agresion_sexual,africa,68.0
2019,agresion_sexual,america,40.0
2019,agresion_sexual,asia,6.0
2019,agresion_sexual,española,232.0
2019,agresion_sexual,europa_no_ue28,5.0
2019,agresion_sexual,oceania,0.0
2019,agresion_sexual,total,392.0
2019,agresion_sexual,ue28_excl_espana,41.0
2019,agresiones_sexuales,africa,78.0
2019,agresiones_sexuales,america,42.0
2019,agresiones_sexuales,asia,7.0
2019,agresiones_sexuales,española,253.0
2019,agresiones_sexuales,europa_no_ue28,5.0
2019,agresiones_sexuales,oceania,0.0
2019,agresiones_sexuales,total,428.0
2019,agresiones_sexuales,ue28_excl_espana,43.0
2019,cap8_total,africa,258.0
2019,cap8_total,america,262.0
2019,cap8_total,asia,47.0
2019,cap8_total,española,2458.0
2019,cap8_total,europa_no_ue28,26.0
2019,cap8_total,oceania,2.0
2019,cap8_total,total,3296.0
2019,cap8_total,ue28_excl_espana,243.0
2019,exhibicionismo,africa,33.0
2019,exhibicionismo,america,19.0
2019,exhibicionismo,asia,3.0
2019,exhibicionismo,española,341.0
2019,exhibicionismo,europa_no_ue28,6.0
2019,exhibicionismo,oceania,0.0
2019,exhibicionismo,total,432.0
2019,exhibicionismo,ue28_excl_espana,30.0
2019,prostitucion_menores,africa,29.0
2019,prostitucion_menores,america,30.0
2019,prostitucion_menores,asia,3.0
2019,prostitucion_menores,española,502.0
2019,prostitucion_menores,europa_no_ue28,2.0
2019,prostitucion_menores,oceania,0.0
2019,prostitucion_menores,total,620.0
2019,prostitucion_menores,ue28_excl_espana,54.0
2019,violacion,africa,10.0
2019,violacion,america,2.0
2019,violacion,asia,1.0
2019,violacion,española,21.0
2019,violacion,europa_no_ue28,0.0
2019,violacion,oceania,0.0
2019,violacion,total,36.0
2019,violacion,ue28_excl_espana,2.0
2020,abusos_agresiones_menores16,africa,21.0
2020,abusos_agresiones_menores16,america,74.0
2020,abusos_agresiones_menores16,asia,9.0
2020,abusos_agresiones_menores16,española,434.0
2020,abusos_agresiones_menores16,europa_no_ue27,5.0
2020,abusos_agresiones_menores16,oceania,0.0
2020,abusos_agresiones_menores16,total,560.0
2020,abusos_agresiones_menores16,ue27_excl_espana,17.0
2020,abusos_sexuales,africa,99.0
2020,abusos_sexuales,america,112.0
2020,abusos_sexuales,asia,39.0
2020,abusos_sexuales,española,751.0
2020,abusos_sexuales,europa_no_ue27,12.0
2020,abusos_sexuales,oceania,0.0
2020,abusos_sexuales,total,1070.0
2020,abusos_sexuales,ue27_excl_espana,57.0
2020,acoso_sexual,africa,3.0
2020,acoso_sexual,america,2.0
2020,acoso_sexual,asia,1.0
2020,acoso_sexual,española,51.0
2020,acoso_sexual,europa_no_ue27,0.0
2020,acoso_sexual,oceania,0.0
2020,acoso_sexual,total,58.0
2020,acoso_sexual,ue27_excl_espana,1.0
2020,agresion_sexual,africa,77.0
2020,agresion_sexual,america,46.0
2020,agresion_sexual,asia,7.0
2020,agresion_sexual,española,215.0
2020,agresion_sexual,europa_no_ue27,8.0
2020,agresion_sexual,oceania,0.0
2020,agresion_sexual,total,390.0
2020,agresion_sexual,ue27_excl_espana,37.0
2020,agresiones_sexuales,africa,85.0
2020,agresiones_sexuales,america,48.0
2020,agresiones_sexuales,asia,7.0
2020,agresiones_sexuales,española,238.0
2020,agresiones_sexuales,europa_no_ue27,8.0
2020,agresiones_sexuales,oceania,0.0
2020,agresiones_sexuales,total,428.0
2020,agresiones_sexuales,ue27_excl_espana,42.0
2020,cap8_total,africa,257.0
2020,cap8_total,america,257.0
2020,cap8_total,asia,63.0
2020,cap8_total,española,2118.0
2020,cap8_total,europa_no_ue27,35.0
2020,cap8_total,oceania,0.0
2020,cap8_total,total,2885.0
2020,cap8_total,ue27_excl_espana,155.0
2020,exhibicionismo,africa,25.0
2020,exhibicionismo,america,10.0
2020,exhibicionismo,asia,5.0
2020,exhibicionismo,española,274.0
2020,exhibicionismo,europa_no_ue27,4.0
2020,exhibicionismo,oceania,0.0
2020,exhibicionismo,total,340.0
2020,exhibicionismo,ue27_excl_espana,22.0
2020,prostitucion_menores,africa,24.0
2020,prostitucion_menores,america,11.0
2020,prostitucion_menores,asia,2.0
2020,prostitucion_menores,española,370.0
2020,prostitucion_menores,europa_no_ue27,6.0
2020,prostitucion_menores,oceania,0.0
2020,prostitucion_menores,total,429.0
2020,prostitucion_menores,ue27_excl_espana,16.0
2020,violacion,africa,8.0
2020,violacion,america,2.0
2020,violacion,asia,0.0
2020,violacion,española,23.0
2020,violacion,europa_no_ue27,0.0
2020,violacion,oceania,0.0
2020,violacion,total,38.0
2020,violacion,ue27_excl_espana,5.0
2021,abusos_agresiones_menores16,africa,38.0
2021,abusos_agresiones_menores16,america,85.0
2021,abusos_agresiones_menores16,asia,9.0
2021,abusos_agresiones_menores16,española,570.0
2021,abusos_agresiones_menores16,europa_no_ue27,9.0
2021,abusos_agresiones_menores16,oceania,0.0
2021,abusos_agresiones_menores16,total,738.0
2021,abusos_agresiones_menores16,ue27_excl_espana,27.0
2021,abusos_sexuales,africa,138.0
2021,abusos_sexuales,america,178.0
2021,abusos_sexuales,asia,45.0
2021,abusos_sexuales,española,1080.0
2021,abusos_sexuales,europa_no_ue27,21.0
2021,abusos_sexuales,oceania,1.0
2021,abusos_sexuales,total,1556.0
2021,abusos_sexuales,ue27_excl_espana,93.0
2021,acoso_sexual,africa,1.0
2021,acoso_sexual,america,4.0
2021,acoso_sexual,asia,2.0
2021,acoso_sexual,española,62.0
2021,acoso_sexual,europa_no_ue27,0.0
2021,acoso_sexual,oceania,0.0
2021,acoso_sexual,total,74.0
2021,acoso_sexual,ue27_excl_espana,5.0
2021,agresion_sexual,africa,86.0
2021,agresion_sexual,america,61.0
2021,agresion_sexual,asia,9.0
2021,agresion_sexual,española,245.0
2021,agresion_sexual,europa_no_ue27,8.0
2021,agresion_sexual,oceania,0.0
2021,agresion_sexual,total,445.0
2021,agresion_sexual,ue27_excl_espana,36.0
2021,agresiones_sexuales,africa,93.0
2021,agresiones_sexuales,america,69.0
2021,agresiones_sexuales,asia,12.0
2021,agresiones_sexuales,española,267.0
2021,agresiones_sexuales,europa_no_ue27,8.0
2021,agresiones_sexuales,oceania,0.0
2021,agresiones_sexuales,total,491.0
2021,agresiones_sexuales,ue27_excl_espana,42.0
2021,cap8_total,africa,333.0
2021,cap8_total,america,398.0
2021,cap8_total,asia,83.0
2021,cap8_total,española,2782.0
2021,cap8_total,europa_no_ue27,51.0
2021,cap8_total,oceania,1.0
2021,cap8_total,total,3881.0
2021,cap8_total,ue27_excl_espana,233.0
2021,exhibicionismo,africa,26.0
2021,exhibicionismo,america,17.0
2021,exhibicionismo,asia,8.0
2021,exhibicionismo,española,353.0
2021,exhibicionismo,europa_no_ue27,6.0
2021,exhibicionismo,oceania,0.0
2021,exhibicionismo,total,430.0
2021,exhibicionismo,ue27_excl_espana,20.0
2021,prostitucion_menores,africa,37.0
2021,prostitucion_menores,america,45.0
2021,prostitucion_menores,asia,7.0
2021,prostitucion_menores,española,450.0
2021,prostitucion_menores,europa_no_ue27,7.0
2021,prostitucion_menores,oceania,0.0
2021,prostitucion_menores,total,592.0
2021,prostitucion_menores,ue27_excl_espana,46.0
2021,violacion,africa,7.0
2021,violacion,america,8.0
2021,violacion,asia,3.0
2021,violacion,española,22.0
2021,violacion,europa_no_ue27,0.0
2021,violacion,oceania,0.0
2021,violacion,total,46.0
2021,violacion,ue27_excl_espana,6.0
2022,abusos_agresiones_menores16,africa,43.0
2022,abusos_agresiones_menores16,america,106.0
2022,abusos_agresiones_menores16,asia,17.0
2022,abusos_agresiones_menores16,española,560.0
2022,abusos_agresiones_menores16,europa_no_ue27,8.0
2022,abusos_agresiones_menores16,oceania,0.0
2022,abusos_agresiones_menores16,total,762.0
2022,abusos_agresiones_menores16,ue27_excl_espana,28.0
2022,abusos_sexuales,africa,132.0
2022,abusos_sexuales,america,173.0
2022,abusos_sexuales,asia,39.0
2022,abusos_sexuales,española,1018.0
2022,abusos_sexuales,europa_no_ue27,19.0
2022,abusos_sexuales,oceania,0.0
2022,abusos_sexuales,total,1458.0
2022,abusos_sexuales,ue27_excl_espana,77.0
2022,acoso_sexual,africa,0.0
2022,acoso_sexual,america,10.0
2022,acoso_sexual,asia,2.0
2022,acoso_sexual,española,66.0
2022,acoso_sexual,europa_no_ue27,1.0
2022,acoso_sexual,oceania,0.0
2022,acoso_sexual,total,81.0
2022,acoso_sexual,ue27_excl_espana,2.0
2022,agresion_sexual,africa,93.0
2022,agresion_sexual,america,67.0
2022,agresion_sexual,asia,11.0
2022,agresion_sexual,española,248.0
2022,agresion_sexual,europa_no_ue27,6.0
2022,agresion_sexual,oceania,0.0
2022,agresion_sexual,total,462.0
2022,agresion_sexual,ue27_excl_espana,37.0
2022,agresiones_sexuales,africa,98.0
2022,agresiones_sexuales,america,78.0
2022,agresiones_sexuales,asia,15.0
2022,agresiones_sexuales,española,270.0
2022,agresiones_sexuales,europa_no_ue27,8.0
2022,agresiones_sexuales,oceania,0.0
2022,agresiones_sexuales,total,508.0
2022,agresiones_sexuales,ue27_excl_espana,39.0
2022,cap8_total,africa,318.0
2022,cap8_total,america,437.0
2022,cap8_total,asia,86.0
2022,cap8_total,española,2651.0
2022,cap8_total,europa_no_ue27,85.0
2022,cap8_total,oceania,0.0
2022,cap8_total,total,3785.0
2022,cap8_total,ue27_excl_espana,208.0
2022,exhibicionismo,africa,22.0
2022,exhibicionismo,america,25.0
2022,exhibicionismo,asia,5.0
2022,exhibicionismo,española,295.0
2022,exhibicionismo,europa_no_ue27,10.0
2022,exhibicionismo,oceania,0.0
2022,exhibicionismo,total,377.0
2022,exhibicionismo,ue27_excl_espana,20.0
2022,prostitucion_menores,africa,23.0
2022,prostitucion_menores,america,45.0
2022,prostitucion_menores,asia,8.0
2022,prostitucion_menores,española,442.0
2022,prostitucion_menores,europa_no_ue27,39.0
2022,prostitucion_menores,oceania,0.0
2022,prostitucion_menores,total,599.0
2022,prostitucion_menores,ue27_excl_espana,42.0
2022,violacion,africa,5.0
2022,violacion,america,11.0
2022,violacion,asia,4.0
2022,violacion,española,22.0
2022,violacion,europa_no_ue27,2.0
2022,violacion,oceania,0.0
2022,violacion,total,46.0
2022,violacion,ue27_excl_espana,2.0
2023,abusos_agresiones_menores16,africa,46.0
2023,abusos_agresiones_menores16,america,113.0
2023,abusos_agresiones_menores16,asia,14.0
2023,abusos_agresiones_menores16,española,635.0
2023,abusos_agresiones_menores16,europa_no_ue27,4.0
2023,abusos_agresiones_menores16,oceania,0.0
2023,abusos_agresiones_menores16,total,839.0
2023,abusos_agresiones_menores16,ue27_excl_espana,27.0
2023,abusos_sexuales,africa,97.0
2023,abusos_sexuales,america,121.0
2023,abusos_sexuales,asia,20.0
2023,abusos_sexuales,española,701.0
2023,abusos_sexuales,europa_no_ue27,11.0
2023,abusos_sexuales,oceania,0.0
2023,abusos_sexuales,total,996.0
2023,abusos_sexuales,ue27_excl_espana,46.0
2023,acoso_sexual,africa,5.0
2023,acoso_sexual,america,1.0
2023,acoso_sexual,asia,0.0
2023,acoso_sexual,española,39.0
2023,acoso_sexual,europa_no_ue27,0.0
2023,acoso_sexual,oceania,0.0
2023,acoso_sexual,total,47.0
2023,acoso_sexual,ue27_excl_espana,2.0
2023,agresion_sexual,africa,155.0
2023,agresion_sexual,america,75.0
2023,agresion_sexual,asia,20.0
2023,agresion_sexual,española,313.0
2023,agresion_sexual,europa_no_ue27,25.0
2023,agresion_sexual,oceania,1.0
2023,agresion_sexual,total,646.0
2023,agresion_sexual,ue27_excl_espana,57.0
2023,agresiones_sexuales,africa,160.0
2023,agresiones_sexuales,america,77.0
2023,agresiones_sexuales,asia,20.0
2023,agresiones_sexuales,española,332.0
2023,agresiones_sexuales,europa_no_ue27,26.0
2023,agresiones_sexuales,oceania,1.0
2023,agresiones_sexuales,total,676.0
2023,agresiones_sexuales,ue27_excl_espana,60.0
2023,cap8_total,africa,355.0
2023,cap8_total,america,386.0
2023,cap8_total,asia,60.0
2023,cap8_total,española,2369.0
2023,cap8_total,europa_no_ue27,60.0
2023,cap8_total,oceania,1.0
2023,cap8_total,total,3423.0
2023,cap8_total,ue27_excl_espana,192.0
2023,exhibicionismo,africa,31.0
2023,exhibicionismo,america,22.0
2023,exhibicionismo,asia,4.0
2023,exhibicionismo,española,245.0
2023,exhibicionismo,europa_no_ue27,9.0
2023,exhibicionismo,oceania,0.0
2023,exhibicionismo,total,333.0
2023,exhibicionismo,ue27_excl_espana,22.0
2023,prostitucion_menores,africa,16.0
2023,prostitucion_menores,america,52.0
2023,prostitucion_menores,asia,2.0
2023,prostitucion_menores,española,417.0
2023,prostitucion_menores,europa_no_ue27,10.0
2023,prostitucion_menores,oceania,0.0
2023,prostitucion_menores,total,532.0
2023,prostitucion_menores,ue27_excl_espana,35.0
2023,violacion,africa,5.0
2023,violacion,america,2.0
2023,violacion,asia,0.0
2023,violacion,española,19.0
2023,violacion,europa_no_ue27,1.0
2023,violacion,oceania,0.0
2023,violacion,total,30.0
2023,violacion,ue27_excl_espana,3.0
2024,abusos_agresiones_menores16,africa,61.0
2024,abusos_agresiones_menores16,america,141.0
2024,abusos_agresiones_menores16,asia,17.0
2024,abusos_agresiones_menores16,española,858.0
2024,abusos_agresiones_menores16,europa_no_ue27,29.0
2024,abusos_agresiones_menores16,oceania,1.0
2024,abusos_agresiones_menores16,total,1151.0
2024,abusos_agresiones_menores16,ue27_excl_espana,44.0
2024,abusos_sexuales,africa,100.0
2024,abusos_sexuales,america,144.0
2024,abusos_sexuales,asia,25.0
2024,abusos_sexuales,española,752.0
2024,abusos_sexuales,europa_no_ue27,10.0
2024,abusos_sexuales,oceania,0.0
2024,abusos_sexuales,total,1097.0
2024,abusos_sexuales,ue27_excl_espana,66.0
2024,acoso_sexual,africa,4.0
2024,acoso_sexual,america,3.0
2024,acoso_sexual,asia,2.0
2024,acoso_sexual,española,40.0
2024,acoso_sexual,europa_no_ue27,0.0
2024,acoso_sexual,oceania,0.0
2024,acoso_sexual,total,51.0
2024,acoso_sexual,ue27_excl_espana,2.0
2024,agresion_sexual,africa,255.0
2024,agresion_sexual,america,198.0
2024,agresion_sexual,asia,26.0
2024,agresion_sexual,española,694.0
2024,agresion_sexual,europa_no_ue27,28.0
2024,agresion_sexual,oceania,1.0
2024,agresion_sexual,total,1299.0
2024,agresion_sexual,ue27_excl_espana,97.0
2024,agresiones_sexuales,africa,279.0
2024,agresiones_sexuales,america,215.0
2024,agresiones_sexuales,asia,28.0
2024,agresiones_sexuales,española,735.0
2024,agresiones_sexuales,europa_no_ue27,30.0
2024,agresiones_sexuales,oceania,1.0
2024,agresiones_sexuales,total,1389.0
2024,agresiones_sexuales,ue27_excl_espana,101.0
2024,cap8_total,africa,501.0
2024,cap8_total,america,776.0
2024,cap8_total,asia,79.0
2024,cap8_total,española,3325.0
2024,cap8_total,europa_no_ue27,105.0
2024,cap8_total,oceania,2.0
2024,cap8_total,total,5073.0
2024,cap8_total,ue27_excl_espana,285.0
2024,exhibicionismo,africa,34.0
2024,exhibicionismo,america,28.0
2024,exhibicionismo,asia,4.0
2024,exhibicionismo,española,303.0
2024,exhibicionismo,europa_no_ue27,5.0
2024,exhibicionismo,oceania,0.0
2024,exhibicionismo,total,396.0
2024,exhibicionismo,ue27_excl_espana,22.0
2024,prostitucion_menores,africa,23.0
2024,prostitucion_menores,america,245.0
2024,prostitucion_menores,asia,3.0
2024,prostitucion_menores,española,637.0
2024,prostitucion_menores,europa_no_ue27,31.0
2024,prostitucion_menores,oceania,0.0
2024,prostitucion_menores,total,989.0
2024,prostitucion_menores,ue27_excl_espana,50.0
2024,violacion,africa,24.0
2024,violacion,america,17.0
2024,violacion,asia,2.0
2024,violacion,española,41.0
2024,violacion,europa_no_ue27,2.0
2024,violacion,oceania,0.0
2024,violacion,total,90.0
2024,violacion,ue27_excl_espana,4.0
