year,sex,cause_chapter,deaths
2000,all,I,6284
2000,all,II,95072
2000,all,III,1210
2000,all,IV,10892
2000,all,IX,125723
2000,all,V,11149
2000,all,VI-VIII,10476
2000,all,X,40983
2000,all,XI,18419
2000,all,XII,944
2000,all,XIII,3158
2000,all,XIV,7918
2000,all,XV,14
2000,all,XVI,859
2000,all,XVII,1112
2000,all,XVIII,9637
2000,all,XX,16541
2000,female,I,2569
2000,female,II,35860
2000,female,III,702
2000,female,IV,6693
2000,female,IX,68667
2000,female,V,7385
2000,female,VI-VIII,6084
2000,female,X,16852
2000,female,XI,8417
2000,female,XII,642
2000,female,XIII,2249
2000,female,XIV,4085
2000,female,XV,14
2000,female,XVI,385
2000,female,XVII,531
2000,female,XVIII,5354
2000,female,XX,4434
2000,male,I,3715
2000,male,II,59212
2000,male,III,508
2000,male,IV,4199
2000,male,IX,57056
2000,male,V,3764
2000,male,VI-VIII,4392
2000,male,X,24131
2000,male,XI,10002
2000,male,XII,302
2000,male,XIII,909
2000,male,XIV,3833
2000,male,XV,0
2000,male,XVI,474
2000,male,XVII,581
2000,male,XVIII,4283
2000,male,XX,12107
2001,all,I,6557
2001,all,II,97714
2001,all,III,1118
2001,all,IV,11223
2001,all,IX,124389
2001,all,V,11346
2001,all,VI-VIII,11677
2001,all,X,37362
2001,all,XI,18407
2001,all,XII,983
2001,all,XIII,3352
2001,all,XIV,8278
2001,all,XV,17
2001,all,XVI,894
2001,all,XVII,955
2001,all,XVIII,9860
2001,all,XX,15999
2001,female,I,2773
2001,female,II,36512
2001,female,III,676
2001,female,IV,6817
2001,female,IX,67932
2001,female,V,7532
2001,female,VI-VIII,6819
2001,female,X,14966
2001,female,XI,8302
2001,female,XII,666
2001,female,XIII,2357
2001,female,XIV,4382
2001,female,XV,17
2001,female,XVI,410
2001,female,XVII,430
2001,female,XVIII,5423
2001,female,XX,4403
2001,male,I,3784
2001,male,II,61202
2001,male,III,442
2001,male,IV,4406
2001,male,IX,56457
2001,male,V,3814
2001,male,VI-VIII,4858
2001,male,X,22396
2001,male,XI,10105
2001,male,XII,317
2001,male,XIII,995
2001,male,XIV,3896
2001,male,XV,0
2001,male,XVI,484
2001,male,XVII,525
2001,male,XVIII,4437
2001,male,XX,11596
2002,all,I,6736
2002,all,II,97784
2002,all,III,1256
2002,all,IV,11593
2002,all,IX,125797
2002,all,V,11682
2002,all,VI-VIII,12512
2002,all,X,41427
2002,all,XI,18947
2002,all,XII,1012
2002,all,XIII,3497
2002,all,XIV,8359
2002,all,XV,14
2002,all,XVI,915
2002,all,XVII,987
2002,all,XVIII,10169
2002,all,XX,15931
2002,female,I,2864
2002,female,II,36678
2002,female,III,740
2002,female,IV,7144
2002,female,IX,68739
2002,female,V,7750
2002,female,VI-VIII,7400
2002,female,X,16811
2002,female,XI,8710
2002,female,XII,700
2002,female,XIII,2445
2002,female,XIV,4289
2002,female,XV,14
2002,female,XVI,378
2002,female,XVII,481
2002,female,XVIII,5758
2002,female,XX,4448
2002,male,I,3872
2002,male,II,61106
2002,male,III,516
2002,male,IV,4449
2002,male,IX,57058
2002,male,V,3932
2002,male,VI-VIII,5112
2002,male,X,24616
2002,male,XI,10237
2002,male,XII,312
2002,male,XIII,1052
2002,male,XIV,4070
2002,male,XV,0
2002,male,XVI,537
2002,male,XVII,506
2002,male,XVIII,4411
2002,male,XX,11483
2003,all,I,7302
2003,all,II,99826
2003,all,III,1244
2003,all,IV,12147
2003,all,IX,129783
2003,all,V,13072
2003,all,VI-VIII,14813
2003,all,X,43803
2003,all,XI,19576
2003,all,XII,1020
2003,all,XIII,3558
2003,all,XIV,9040
2003,all,XV,20
2003,all,XVI,887
2003,all,XVII,1029
2003,all,XVIII,11011
2003,all,XX,16697
2003,female,I,3269
2003,female,II,37500
2003,female,III,734
2003,female,IV,7352
2003,female,IX,71057
2003,female,V,8744
2003,female,VI-VIII,9006
2003,female,X,18337
2003,female,XI,8914
2003,female,XII,703
2003,female,XIII,2495
2003,female,XIV,4787
2003,female,XV,20
2003,female,XVI,388
2003,female,XVII,485
2003,female,XVIII,6352
2003,female,XX,4788
2003,male,I,4033
2003,male,II,62326
2003,male,III,510
2003,male,IV,4795
2003,male,IX,58726
2003,male,V,4328
2003,male,VI-VIII,5807
2003,male,X,25466
2003,male,XI,10662
2003,male,XII,317
2003,male,XIII,1063
2003,male,XIV,4253
2003,male,XV,0
2003,male,XVI,499
2003,male,XVII,544
2003,male,XVIII,4659
2003,male,XX,11909
2004,all,I,7218
2004,all,II,100485
2004,all,III,1291
2004,all,IV,11918
2004,all,IX,123867
2004,all,V,11878
2004,all,VI-VIII,14123
2004,all,X,39149
2004,all,XI,19357
2004,all,XII,994
2004,all,XIII,3546
2004,all,XIV,8534
2004,all,XV,21
2004,all,XVI,1002
2004,all,XVII,1002
2004,all,XVIII,10505
2004,all,XX,17044
2004,female,I,3135
2004,female,II,37548
2004,female,III,743
2004,female,IV,7250
2004,female,IX,67508
2004,female,V,7812
2004,female,VI-VIII,8493
2004,female,X,15967
2004,female,XI,8913
2004,female,XII,664
2004,female,XIII,2474
2004,female,XIV,4480
2004,female,XV,21
2004,female,XVI,428
2004,female,XVII,444
2004,female,XVIII,5919
2004,female,XX,5207
2004,male,I,4083
2004,male,II,62937
2004,male,III,548
2004,male,IV,4668
2004,male,IX,56359
2004,male,V,4066
2004,male,VI-VIII,5630
2004,male,X,23182
2004,male,XI,10444
2004,male,XII,330
2004,male,XIII,1072
2004,male,XIV,4054
2004,male,XV,0
2004,male,XVI,574
2004,male,XVII,558
2004,male,XVIII,4586
2004,male,XX,11837
2005,all,I,7493
2005,all,II,100206
2005,all,III,1316
2005,all,IV,12421
2005,all,IX,126907
2005,all,V,12539
2005,all,VI-VIII,15697
2005,all,X,47089
2005,all,XI,19624
2005,all,XII,1107
2005,all,XIII,3596
2005,all,XIV,9567
2005,all,XV,18
2005,all,XVI,942
2005,all,XVII,962
2005,all,XVIII,10969
2005,all,XX,16902
2005,female,I,3236
2005,female,II,37542
2005,female,III,758
2005,female,IV,7564
2005,female,IX,69165
2005,female,V,8383
2005,female,VI-VIII,9531
2005,female,X,19906
2005,female,XI,9083
2005,female,XII,763
2005,female,XIII,2497
2005,female,XIV,5035
2005,female,XV,18
2005,female,XVI,390
2005,female,XVII,449
2005,female,XVIII,6162
2005,female,XX,5104
2005,male,I,4257
2005,male,II,62664
2005,male,III,558
2005,male,IV,4857
2005,male,IX,57742
2005,male,V,4156
2005,male,VI-VIII,6166
2005,male,X,27183
2005,male,XI,10541
2005,male,XII,344
2005,male,XIII,1099
2005,male,XIV,4532
2005,male,XV,0
2005,male,XVI,552
2005,male,XVII,513
2005,male,XVIII,4807
2005,male,XX,11798
2006,all,I,7201
2006,all,II,101683
2006,all,III,1227
2006,all,IV,11523
2006,all,IX,120760
2006,all,V,12107
2006,all,VI-VIII,15721
2006,all,X,39510
2006,all,XI,19351
2006,all,XII,1083
2006,all,XIII,3363
2006,all,XIV,9405
2006,all,XV,14
2006,all,XVI,911
2006,all,XVII,934
2006,all,XVIII,10546
2006,all,XX,16139
2006,female,I,3250
2006,female,II,38536
2006,female,III,724
2006,female,IV,7027
2006,female,IX,65327
2006,female,V,7934
2006,female,VI-VIII,9507
2006,female,X,16510
2006,female,XI,8906
2006,female,XII,726
2006,female,XIII,2329
2006,female,XIV,4991
2006,female,XV,14
2006,female,XVI,386
2006,female,XVII,419
2006,female,XVIII,5803
2006,female,XX,4935
2006,male,I,3951
2006,male,II,63147
2006,male,III,503
2006,male,IV,4496
2006,male,IX,55433
2006,male,V,4173
2006,male,VI-VIII,6214
2006,male,X,23000
2006,male,XI,10445
2006,male,XII,357
2006,male,XIII,1034
2006,male,XIV,4414
2006,male,XV,0
2006,male,XVI,525
2006,male,XVII,515
2006,male,XVIII,4743
2006,male,XX,11204
2007,all,I,7782
2007,all,II,103329
2007,all,III,1289
2007,all,IV,12237
2007,all,IX,124126
2007,all,V,12310
2007,all,VI-VIII,16723
2007,all,X,44029
2007,all,XI,19650
2007,all,XII,1186
2007,all,XIII,3384
2007,all,XIV,10170
2007,all,XV,13
2007,all,XVI,969
2007,all,XVII,890
2007,all,XVIII,11358
2007,all,XX,15916
2007,female,I,3592
2007,female,II,38995
2007,female,III,755
2007,female,IV,7234
2007,female,IX,67128
2007,female,V,8100
2007,female,VI-VIII,10296
2007,female,X,18464
2007,female,XI,8996
2007,female,XII,816
2007,female,XIII,2311
2007,female,XIV,5370
2007,female,XV,13
2007,female,XVI,440
2007,female,XVII,403
2007,female,XVIII,6331
2007,female,XX,4981
2007,male,I,4190
2007,male,II,64334
2007,male,III,534
2007,male,IV,5003
2007,male,IX,56998
2007,male,V,4210
2007,male,VI-VIII,6427
2007,male,X,25565
2007,male,XI,10654
2007,male,XII,370
2007,male,XIII,1073
2007,male,XIV,4800
2007,male,XV,0
2007,male,XVI,529
2007,male,XVII,487
2007,male,XVIII,5027
2007,male,XX,10935
2008,all,I,7712
2008,all,II,104054
2008,all,III,1342
2008,all,IV,12337
2008,all,IX,122793
2008,all,V,13040
2008,all,VI-VIII,17496
2008,all,X,44200
2008,all,XI,19476
2008,all,XII,1211
2008,all,XIII,3404
2008,all,XIV,10579
2008,all,XV,24
2008,all,XVI,944
2008,all,XVII,924
2008,all,XVIII,11499
2008,all,XX,15289
2008,female,I,3671
2008,female,II,39696
2008,female,III,786
2008,female,IV,7316
2008,female,IX,67052
2008,female,V,8624
2008,female,VI-VIII,10688
2008,female,X,18739
2008,female,XI,9169
2008,female,XII,852
2008,female,XIII,2315
2008,female,XIV,5587
2008,female,XV,24
2008,female,XVI,397
2008,female,XVII,457
2008,female,XVIII,6504
2008,female,XX,4800
2008,male,I,4041
2008,male,II,64358
2008,male,III,556
2008,male,IV,5021
2008,male,IX,55741
2008,male,V,4416
2008,male,VI-VIII,6808
2008,male,X,25461
2008,male,XI,10307
2008,male,XII,359
2008,male,XIII,1089
2008,male,XIV,4992
2008,male,XV,0
2008,male,XVI,547
2008,male,XVII,467
2008,male,XVIII,4995
2008,male,XX,10489
2009,all,I,6843
2009,all,II,105132
2009,all,III,1468
2009,all,IV,12462
2009,all,IX,120057
2009,all,V,14456
2009,all,VI-VIII,18780
2009,all,X,43282
2009,all,XI,19557
2009,all,XII,1197
2009,all,XIII,3461
2009,all,XIV,10850
2009,all,XV,17
2009,all,XVI,900
2009,all,XVII,889
2009,all,XVIII,11086
2009,all,XX,14496
2009,female,I,3218
2009,female,II,40196
2009,female,III,878
2009,female,IV,7416
2009,female,IX,65242
2009,female,V,9541
2009,female,VI-VIII,11475
2009,female,X,18353
2009,female,XI,9149
2009,female,XII,806
2009,female,XIII,2366
2009,female,XIV,5835
2009,female,XV,17
2009,female,XVI,383
2009,female,XVII,429
2009,female,XVIII,5811
2009,female,XX,4723
2009,male,I,3625
2009,male,II,64936
2009,male,III,590
2009,male,IV,5046
2009,male,IX,54815
2009,male,V,4915
2009,male,VI-VIII,7305
2009,male,X,24929
2009,male,XI,10408
2009,male,XII,391
2009,male,XIII,1095
2009,male,XIV,5015
2009,male,XV,0
2009,male,XVI,517
2009,male,XVII,460
2009,male,XVIII,5275
2009,male,XX,9773
2010,all,I,6489
2010,all,II,107220
2010,all,III,1519
2010,all,IV,12598
2010,all,IX,119128
2010,all,V,14821
2010,all,VI-VIII,19285
2010,all,X,40266
2010,all,XI,19097
2010,all,XII,1144
2010,all,XIII,3327
2010,all,XIV,10493
2010,all,XV,20
2010,all,XVI,831
2010,all,XVII,971
2010,all,XVIII,10772
2010,all,XX,14066
2010,female,I,3019
2010,female,II,41109
2010,female,III,875
2010,female,IV,7442
2010,female,IX,64722
2010,female,V,9763
2010,female,VI-VIII,11717
2010,female,X,16815
2010,female,XI,8907
2010,female,XII,776
2010,female,XIII,2293
2010,female,XIV,5610
2010,female,XV,20
2010,female,XVI,385
2010,female,XVII,471
2010,female,XVIII,5248
2010,female,XX,4754
2010,male,I,3470
2010,male,II,66111
2010,male,III,644
2010,male,IV,5156
2010,male,IX,54406
2010,male,V,5058
2010,male,VI-VIII,7568
2010,male,X,23451
2010,male,XI,10190
2010,male,XII,368
2010,male,XIII,1034
2010,male,XIV,4883
2010,male,XV,0
2010,male,XVI,446
2010,male,XVII,500
2010,male,XVIII,5524
2010,male,XX,9312
2011,all,I,6398
2011,all,II,109341
2011,all,III,1528
2011,all,IV,12789
2011,all,IX,118327
2011,all,V,15276
2011,all,VI-VIII,20254
2011,all,X,42243
2011,all,XI,19576
2011,all,XII,1169
2011,all,XIII,3387
2011,all,XIV,11011
2011,all,XV,14
2011,all,XVI,833
2011,all,XVII,920
2011,all,XVIII,10612
2011,all,XX,14233
2011,female,I,3112
2011,female,II,42350
2011,female,III,894
2011,female,IV,7542
2011,female,IX,64492
2011,female,V,10056
2011,female,VI-VIII,12418
2011,female,X,17725
2011,female,XI,9217
2011,female,XII,777
2011,female,XIII,2341
2011,female,XIV,5973
2011,female,XV,14
2011,female,XVI,372
2011,female,XVII,439
2011,female,XVIII,5265
2011,female,XX,5070
2011,male,I,3286
2011,male,II,66991
2011,male,III,634
2011,male,IV,5247
2011,male,IX,53835
2011,male,V,5220
2011,male,VI-VIII,7836
2011,male,X,24518
2011,male,XI,10359
2011,male,XII,392
2011,male,XIII,1046
2011,male,XIV,5038
2011,male,XV,0
2011,male,XVI,461
2011,male,XVII,481
2011,male,XVIII,5347
2011,male,XX,9163
2012,all,I,6520
2012,all,II,110993
2012,all,III,1555
2012,all,IV,12824
2012,all,IX,122097
2012,all,V,17145
2012,all,VI-VIII,22089
2012,all,X,47336
2012,all,XI,19797
2012,all,XII,1306
2012,all,XIII,3766
2012,all,XIV,11839
2012,all,XV,10
2012,all,XVI,829
2012,all,XVII,823
2012,all,XVIII,10017
2012,all,XX,14004
2012,female,I,3215
2012,female,II,42685
2012,female,III,903
2012,female,IV,7568
2012,female,IX,66905
2012,female,V,11323
2012,female,VI-VIII,13665
2012,female,X,20707
2012,female,XI,9267
2012,female,XII,912
2012,female,XIII,2555
2012,female,XIV,6544
2012,female,XV,10
2012,female,XVI,372
2012,female,XVII,408
2012,female,XVIII,5101
2012,female,XX,4890
2012,male,I,3305
2012,male,II,68308
2012,male,III,652
2012,male,IV,5256
2012,male,IX,55192
2012,male,V,5822
2012,male,VI-VIII,8424
2012,male,X,26629
2012,male,XI,10530
2012,male,XII,394
2012,male,XIII,1211
2012,male,XIV,5295
2012,male,XV,0
2012,male,XVI,457
2012,male,XVII,415
2012,male,XVIII,4916
2012,male,XX,9114
2013,all,I,6209
2013,all,II,111021
2013,all,III,1639
2013,all,IV,12206
2013,all,IX,117484
2013,all,V,16977
2013,all,VI-VIII,21486
2013,all,X,42565
2013,all,XI,19378
2013,all,XII,1290
2013,all,XIII,3361
2013,all,XIV,11689
2013,all,XV,18
2013,all,XVI,713
2013,all,XVII,758
2013,all,XVIII,8947
2013,all,XX,14678
2013,female,I,3042
2013,female,II,43310
2013,female,III,951
2013,female,IV,7143
2013,female,IX,63997
2013,female,V,11205
2013,female,VI-VIII,13126
2013,female,X,18260
2013,female,XI,9133
2013,female,XII,874
2013,female,XIII,2240
2013,female,XIV,6453
2013,female,XV,18
2013,female,XVI,310
2013,female,XVII,371
2013,female,XVIII,4739
2013,female,XX,5413
2013,male,I,3167
2013,male,II,67711
2013,male,III,688
2013,male,IV,5063
2013,male,IX,53487
2013,male,V,5772
2013,male,VI-VIII,8360
2013,male,X,24305
2013,male,XI,10245
2013,male,XII,416
2013,male,XIII,1121
2013,male,XIV,5236
2013,male,XV,0
2013,male,XVI,403
2013,male,XVII,387
2013,male,XVIII,4208
2013,male,XX,9265
2014,all,I,6508
2014,all,II,110278
2014,all,III,1784
2014,all,IV,13013
2014,all,IX,117393
2014,all,V,18706
2014,all,VI-VIII,23394
2014,all,X,43841
2014,all,XI,19385
2014,all,XII,1318
2014,all,XIII,3679
2014,all,XIV,11530
2014,all,XV,9
2014,all,XVI,778
2014,all,XVII,828
2014,all,XVIII,8483
2014,all,XX,14903
2014,female,I,3245
2014,female,II,43000
2014,female,III,1003
2014,female,IV,7582
2014,female,IX,63812
2014,female,V,12363
2014,female,VI-VIII,14475
2014,female,X,18935
2014,female,XI,9314
2014,female,XII,883
2014,female,XIII,2411
2014,female,XIV,6480
2014,female,XV,9
2014,female,XVI,332
2014,female,XVII,398
2014,female,XVIII,4502
2014,female,XX,5515
2014,male,I,3263
2014,male,II,67278
2014,male,III,781
2014,male,IV,5431
2014,male,IX,53581
2014,male,V,6343
2014,male,VI-VIII,8919
2014,male,X,24906
2014,male,XI,10071
2014,male,XII,435
2014,male,XIII,1268
2014,male,XIV,5050
2014,male,XV,0
2014,male,XVI,446
2014,male,XVII,430
2014,male,XVIII,3981
2014,male,XX,9388
2015,all,I,7567
2015,all,II,111381
2015,all,III,2028
2015,all,IV,14065
2015,all,IX,124197
2015,all,V,21333
2015,all,VI-VIII,25835
2015,all,X,51848
2015,all,XI,20360
2015,all,XII,1563
2015,all,XIII,4148
2015,all,XIV,12169
2015,all,XV,15
2015,all,XVI,674
2015,all,XVII,802
2015,all,XVIII,9504
2015,all,XX,15079
2015,female,I,3819
2015,female,II,43658
2015,female,III,1159
2015,female,IV,8112
2015,female,IX,67736
2015,female,V,14151
2015,female,VI-VIII,15947
2015,female,X,22918
2015,female,XI,9727
2015,female,XII,1038
2015,female,XIII,2782
2015,female,XIV,6856
2015,female,XV,15
2015,female,XVI,294
2015,female,XVII,397
2015,female,XVIII,4914
2015,female,XX,5736
2015,male,I,3748
2015,male,II,67723
2015,male,III,869
2015,male,IV,5953
2015,male,IX,56461
2015,male,V,7182
2015,male,VI-VIII,9888
2015,male,X,28930
2015,male,XI,10633
2015,male,XII,525
2015,male,XIII,1366
2015,male,XIV,5313
2015,male,XV,0
2015,male,XVI,380
2015,male,XVII,405
2015,male,XVIII,4590
2015,male,XX,9343
2016,all,I,7033
2016,all,II,112939
2016,all,III,1886
2016,all,IV,12700
2016,all,IX,119778
2016,all,V,20980
2016,all,VI-VIII,25236
2016,all,X,46812
2016,all,XI,20096
2016,all,XII,1523
2016,all,XIII,4256
2016,all,XIV,12173
2016,all,XV,15
2016,all,XVI,637
2016,all,XVII,846
2016,all,XVIII,8033
2016,all,XX,15668
2016,female,I,3707
2016,female,II,44320
2016,female,III,1079
2016,female,IV,7185
2016,female,IX,64471
2016,female,V,13828
2016,female,VI-VIII,15460
2016,female,X,20615
2016,female,XI,9514
2016,female,XII,988
2016,female,XIII,2814
2016,female,XIV,6816
2016,female,XV,15
2016,female,XVI,262
2016,female,XVII,416
2016,female,XVIII,4267
2016,female,XX,5861
2016,male,I,3326
2016,male,II,68619
2016,male,III,807
2016,male,IV,5515
2016,male,IX,55307
2016,male,V,7152
2016,male,VI-VIII,9776
2016,male,X,26197
2016,male,XI,10582
2016,male,XII,535
2016,male,XIII,1442
2016,male,XIV,5357
2016,male,XV,0
2016,male,XVI,375
2016,male,XVII,430
2016,male,XVIII,3766
2016,male,XX,9807
2017,all,I,6819
2017,all,II,113266
2017,all,III,1973
2017,all,IV,13296
2017,all,IX,122465
2017,all,V,21722
2017,all,VI-VIII,26345
2017,all,X,51615
2017,all,XI,20447
2017,all,XII,1691
2017,all,XIII,5070
2017,all,XIV,13188
2017,all,XV,13
2017,all,XVI,629
2017,all,XVII,814
2017,all,XVIII,9333
2017,all,XX,15837
2017,female,I,3533
2017,female,II,44758
2017,female,III,1117
2017,female,IV,7629
2017,female,IX,66286
2017,female,V,14314
2017,female,VI-VIII,16201
2017,female,X,23338
2017,female,XI,9781
2017,female,XII,1137
2017,female,XIII,3371
2017,female,XIV,7406
2017,female,XV,13
2017,female,XVI,273
2017,female,XVII,377
2017,female,XVIII,4839
2017,female,XX,5914
2017,male,I,3286
2017,male,II,68508
2017,male,III,856
2017,male,IV,5667
2017,male,IX,56179
2017,male,V,7408
2017,male,VI-VIII,10144
2017,male,X,28277
2017,male,XI,10666
2017,male,XII,554
2017,male,XIII,1699
2017,male,XIV,5782
2017,male,XV,0
2017,male,XVI,356
2017,male,XVII,437
2017,male,XVIII,4494
2017,male,XX,9923
2018,all,I,6398
2018,all,II,112714
2018,all,III,1946
2018,all,IV,13465
2018,all,IX,120859
2018,all,V,22376
2018,all,VI-VIII,26279
2018,all,X,53687
2018,all,XI,21689
2018,all,XII,1826
2018,all,XIII,5205
2018,all,XIV,13941
2018,all,XV,7
2018,all,XVI,630
2018,all,XVII,843
2018,all,XVIII,10088
2018,all,XX,15768
2018,female,I,3183
2018,female,II,44476
2018,female,III,1060
2018,female,IV,7561
2018,female,IX,64897
2018,female,V,14771
2018,female,VI-VIII,15960
2018,female,X,24502
2018,female,XI,10474
2018,female,XII,1187
2018,female,XIII,3490
2018,female,XIV,7850
2018,female,XV,7
2018,female,XVI,270
2018,female,XVII,410
2018,female,XVIII,5306
2018,female,XX,5875
2018,male,I,3215
2018,male,II,68238
2018,male,III,886
2018,male,IV,5904
2018,male,IX,55962
2018,male,V,7605
2018,male,VI-VIII,10319
2018,male,X,29185
2018,male,XI,11215
2018,male,XII,639
2018,male,XIII,1715
2018,male,XIV,6091
2018,male,XV,0
2018,male,XVI,360
2018,male,XVII,433
2018,male,XVIII,4782
2018,male,XX,9893
2019,all,I,6119
2019,all,II,113059
2019,all,III,2012
2019,all,IV,13351
2019,all,IX,116615
2019,all,V,22896
2019,all,VI-VIII,26120
2019,all,X,47681
2019,all,XI,22038
2019,all,XII,1775
2019,all,XIII,5162
2019,all,XIV,14123
2019,all,XV,6
2019,all,XVI,584
2019,all,XVII,815
2019,all,XVIII,10206
2019,all,XX,16141
2019,female,I,3058
2019,female,II,45108
2019,female,III,1134
2019,female,IV,7483
2019,female,IX,62104
2019,female,V,15021
2019,female,VI-VIII,15832
2019,female,X,21371
2019,female,XI,10592
2019,female,XII,1146
2019,female,XIII,3432
2019,female,XIV,7888
2019,female,XV,6
2019,female,XVI,253
2019,female,XVII,403
2019,female,XVIII,5284
2019,female,XX,5905
2019,male,I,3061
2019,male,II,67951
2019,male,III,878
2019,male,IV,5868
2019,male,IX,54511
2019,male,V,7875
2019,male,VI-VIII,10288
2019,male,X,26310
2019,male,XI,11446
2019,male,XII,629
2019,male,XIII,1730
2019,male,XIV,6235
2019,male,XV,0
2019,male,XVI,331
2019,male,XVII,412
2019,male,XVIII,4922
2019,male,XX,10236
2020,all,I,80796
2020,all,II,112741
2020,all,III,2062
2020,all,IV,15290
2020,all,IX,119853
2020,all,V,21697
2020,all,VI-VIII,27508
2020,all,X,42423
2020,all,XI,21565
2020,all,XII,1902
2020,all,XIII,5225
2020,all,XIV,15810
2020,all,XV,10
2020,all,XVI,518
2020,all,XVII,823
2020,all,XVIII,9475
2020,all,XX,16078
2020,female,I,38959
2020,female,II,45494
2020,female,III,1187
2020,female,IV,8555
2020,female,IX,63907
2020,female,V,14547
2020,female,VI-VIII,16920
2020,female,X,18588
2020,female,XI,10427
2020,female,XII,1255
2020,female,XIII,3496
2020,female,XIV,9047
2020,female,XV,10
2020,female,XVI,232
2020,female,XVII,390
2020,female,XVIII,5277
2020,female,XX,5821
2020,male,I,41837
2020,male,II,67247
2020,male,III,875
2020,male,IV,6735
2020,male,IX,55946
2020,male,V,7150
2020,male,VI-VIII,10588
2020,male,X,23835
2020,male,XI,11138
2020,male,XII,647
2020,male,XIII,1729
2020,male,XIV,6763
2020,male,XV,0
2020,male,XVI,286
2020,male,XVII,433
2020,male,XVIII,4198
2020,male,XX,10257
2021,all,I,46001
2021,all,II,113662
2021,all,III,2205
2021,all,IV,15124
2021,all,IX,119196
2021,all,V,20512
2021,all,VI-VIII,25014
2021,all,X,35543
2021,all,XI,22563
2021,all,XII,2021
2021,all,XIII,5113
2021,all,XIV,16458
2021,all,XV,11
2021,all,XVI,528
2021,all,XVII,833
2021,all,XVIII,9129
2021,all,XX,16831
2021,female,I,20273
2021,female,II,45818
2021,female,III,1220
2021,female,IV,8400
2021,female,IX,63291
2021,female,V,13382
2021,female,VI-VIII,14929
2021,female,X,14806
2021,female,XI,10936
2021,female,XII,1288
2021,female,XIII,3407
2021,female,XIV,9545
2021,female,XV,11
2021,female,XVI,229
2021,female,XVII,402
2021,female,XVIII,5255
2021,female,XX,6142
2021,male,I,25728
2021,male,II,67844
2021,male,III,985
2021,male,IV,6724
2021,male,IX,55905
2021,male,V,7130
2021,male,VI-VIII,10085
2021,male,X,20737
2021,male,XI,11627
2021,male,XII,733
2021,male,XIII,1706
2021,male,XIV,6913
2021,male,XV,0
2021,male,XVI,299
2021,male,XVII,431
2021,male,XVIII,3874
2021,male,XX,10689
2022,all,I,38589
2022,all,II,114828
2022,all,III,2335
2022,all,IV,15924
2022,all,IX,121341
2022,all,V,22744
2022,all,VI-VIII,26765
2022,all,X,43024
2022,all,XI,23266
2022,all,XII,2043
2022,all,XIII,5549
2022,all,XIV,18019
2022,all,XV,11
2022,all,XVI,513
2022,all,XVII,862
2022,all,XVIII,10030
2022,all,XX,18574
2022,female,I,18493
2022,female,II,46917
2022,female,III,1360
2022,female,IV,8873
2022,female,IX,64158
2022,female,V,15210
2022,female,VI-VIII,16081
2022,female,X,19052
2022,female,XI,11145
2022,female,XII,1336
2022,female,XIII,3727
2022,female,XIV,10409
2022,female,XV,11
2022,female,XVI,201
2022,female,XVII,413
2022,female,XVIII,5796
2022,female,XX,6873
2022,male,I,20096
2022,male,II,67911
2022,male,III,975
2022,male,IV,7051
2022,male,IX,57183
2022,male,V,7534
2022,male,VI-VIII,10684
2022,male,X,23972
2022,male,XI,12121
2022,male,XII,707
2022,male,XIII,1822
2022,male,XIV,7610
2022,male,XV,0
2022,male,XVI,312
2022,male,XVII,449
2022,male,XVIII,4234
2022,male,XX,11701
2023,all,I,14935
2023,all,II,115429
2023,all,III,2167
2023,all,IV,15405
2023,all,IX,115889
2023,all,V,22073
2023,all,VI-VIII,25871
2023,all,X,47003
2023,all,XI,23045
2023,all,XII,2052
2023,all,XIII,5383
2023,all,XIV,17282
2023,all,XV,11
2023,all,XVI,514
2023,all,XVII,831
2023,all,XVIII,10201
2023,all,XX,18033
2023,female,I,7414
2023,female,II,47265
2023,female,III,1232
2023,female,IV,8365
2023,female,IX,60531
2023,female,V,14631
2023,female,VI-VIII,15559
2023,female,X,21291
2023,female,XI,11100
2023,female,XII,1366
2023,female,XIII,3597
2023,female,XIV,9931
2023,female,XV,11
2023,female,XVI,228
2023,female,XVII,392
2023,female,XVIII,5901
2023,female,XX,6568
2023,male,I,7521
2023,male,II,68164
2023,male,III,935
2023,male,IV,7040
2023,male,IX,55358
2023,male,V,7442
2023,male,VI-VIII,10312
2023,male,X,25712
2023,male,XI,11945
2023,male,XII,686
2023,male,XIII,1786
2023,male,XIV,7351
2023,male,XV,0
2023,male,XVI,286
2023,male,XVII,439
2023,male,XVIII,4300
2023,male,XX,11465
2024,all,I,12246
2024,all,II,115578
2024,all,III,2087
2024,all,IV,15092
2024,all,IX,113620
2024,all,V,22861
2024,all,VI-VIII,26041
2024,all,X,50132
2024,all,XI,22928
2024,all,XII,2055
2024,all,XIII,5228
2024,all,XIV,18228
2024,all,XV,13
2024,all,XVI,574
2024,all,XVII,956
2024,all,XVIII,10128
2024,all,XX,18351
2024,female,I,6138
2024,female,II,47788
2024,female,III,1216
2024,female,IV,8250
2024,female,IX,59363
2024,female,V,15111
2024,female,VI-VIII,15490
2024,female,X,23372
2024,female,XI,11157
2024,female,XII,1282
2024,female,XIII,3441
2024,female,XIV,10185
2024,female,XV,13
2024,female,XVI,246
2024,female,XVII,474
2024,female,XVIII,5757
2024,female,XX,6745
2024,male,I,6108
2024,male,II,67790
2024,male,III,871
2024,male,IV,6842
2024,male,IX,54257
2024,male,V,7750
2024,male,VI-VIII,10551
2024,male,X,26760
2024,male,XI,11771
2024,male,XII,773
2024,male,XIII,1787
2024,male,XIV,8043
2024,male,XV,0
2024,male,XVI,328
2024,male,XVII,482
2024,male,XVIII,4371
2024,male,XX,11606
