year,sex,age_group,deaths_all_cause
2000,all,1-4,383
2000,all,10-14,365
2000,all,15-19,1198
2000,all,20-24,1996
2000,all,25-29,2339
2000,all,30-34,2975
2000,all,35-39,4052
2000,all,40-44,5267
2000,all,45-49,6523
2000,all,5-9,300
2000,all,50-54,9331
2000,all,55-59,12024
2000,all,60-64,17127
2000,all,65-69,29420
2000,all,70-74,41327
2000,all,75-79,55264
2000,all,80-84,58873
2000,all,85-89,59660
2000,all,90-94,37319
2000,all,95+,12908
2000,all,<1,1740
2000,all,all,360391
2000,female,1-4,163
2000,female,10-14,145
2000,female,15-19,336
2000,female,20-24,463
2000,female,25-29,533
2000,female,30-34,784
2000,female,35-39,1117
2000,female,40-44,1589
2000,female,45-49,1920
2000,female,5-9,119
2000,female,50-54,2640
2000,female,55-59,3402
2000,female,60-64,5002
2000,female,65-69,9412
2000,female,70-74,15027
2000,female,75-79,23757
2000,female,80-84,31801
2000,female,85-89,36969
2000,female,90-94,25485
2000,female,95+,9478
2000,female,<1,781
2000,female,all,170923
2000,male,1-4,220
2000,male,10-14,220
2000,male,15-19,862
2000,male,20-24,1533
2000,male,25-29,1806
2000,male,30-34,2191
2000,male,35-39,2935
2000,male,40-44,3678
2000,male,45-49,4603
2000,male,5-9,181
2000,male,50-54,6691
2000,male,55-59,8622
2000,male,60-64,12125
2000,male,65-69,20008
2000,male,70-74,26300
2000,male,75-79,31507
2000,male,80-84,27072
2000,male,85-89,22691
2000,male,90-94,11834
2000,male,95+,3430
2000,male,<1,959
2000,male,all,189468
2001,all,1-4,370
2001,all,10-14,346
2001,all,15-19,1043
2001,all,20-24,1794
2001,all,25-29,2179
2001,all,30-34,2993
2001,all,35-39,4084
2001,all,40-44,5069
2001,all,45-49,6663
2001,all,5-9,259
2001,all,50-54,9342
2001,all,55-59,12468
2001,all,60-64,16389
2001,all,65-69,28259
2001,all,70-74,41353
2001,all,75-79,55099
2001,all,80-84,59497
2001,all,85-89,59209
2001,all,90-94,38089
2001,all,95+,13969
2001,all,<1,1657
2001,all,all,360131
2001,female,1-4,151
2001,female,10-14,142
2001,female,15-19,283
2001,female,20-24,404
2001,female,25-29,570
2001,female,30-34,805
2001,female,35-39,1149
2001,female,40-44,1535
2001,female,45-49,2036
2001,female,5-9,103
2001,female,50-54,2674
2001,female,55-59,3452
2001,female,60-64,4731
2001,female,65-69,9074
2001,female,70-74,14889
2001,female,75-79,23482
2001,female,80-84,31449
2001,female,85-89,36506
2001,female,90-94,25882
2001,female,95+,10365
2001,female,<1,735
2001,female,all,170417
2001,male,1-4,219
2001,male,10-14,204
2001,male,15-19,760
2001,male,20-24,1390
2001,male,25-29,1609
2001,male,30-34,2188
2001,male,35-39,2935
2001,male,40-44,3534
2001,male,45-49,4627
2001,male,5-9,156
2001,male,50-54,6668
2001,male,55-59,9016
2001,male,60-64,11658
2001,male,65-69,19185
2001,male,70-74,26464
2001,male,75-79,31617
2001,male,80-84,28048
2001,male,85-89,22703
2001,male,90-94,12207
2001,male,95+,3604
2001,male,<1,922
2001,male,all,189714
2002,all,1-4,396
2002,all,10-14,320
2002,all,15-19,972
2002,all,20-24,1816
2002,all,25-29,2180
2002,all,30-34,2848
2002,all,35-39,3963
2002,all,40-44,5276
2002,all,45-49,6950
2002,all,5-9,278
2002,all,50-54,9381
2002,all,55-59,12664
2002,all,60-64,15761
2002,all,65-69,27619
2002,all,70-74,41042
2002,all,75-79,56332
2002,all,80-84,63052
2002,all,85-89,60360
2002,all,90-94,40554
2002,all,95+,15117
2002,all,<1,1737
2002,all,all,368618
2002,female,1-4,174
2002,female,10-14,122
2002,female,15-19,268
2002,female,20-24,425
2002,female,25-29,532
2002,female,30-34,746
2002,female,35-39,1142
2002,female,40-44,1541
2002,female,45-49,2103
2002,female,5-9,122
2002,female,50-54,2708
2002,female,55-59,3558
2002,female,60-64,4568
2002,female,65-69,8604
2002,female,70-74,14744
2002,female,75-79,23843
2002,female,80-84,32878
2002,female,85-89,37309
2002,female,90-94,27891
2002,female,95+,11325
2002,female,<1,746
2002,female,all,175349
2002,male,1-4,222
2002,male,10-14,198
2002,male,15-19,704
2002,male,20-24,1391
2002,male,25-29,1648
2002,male,30-34,2102
2002,male,35-39,2821
2002,male,40-44,3735
2002,male,45-49,4847
2002,male,5-9,156
2002,male,50-54,6673
2002,male,55-59,9106
2002,male,60-64,11193
2002,male,65-69,19015
2002,male,70-74,26298
2002,male,75-79,32489
2002,male,80-84,30174
2002,male,85-89,23051
2002,male,90-94,12663
2002,male,95+,3792
2002,male,<1,991
2002,male,all,193269
2003,all,1-4,442
2003,all,10-14,341
2003,all,15-19,1032
2003,all,20-24,1746
2003,all,25-29,2136
2003,all,30-34,2872
2003,all,35-39,3933
2003,all,40-44,5545
2003,all,45-49,7193
2003,all,5-9,254
2003,all,50-54,9401
2003,all,55-59,13294
2003,all,60-64,15972
2003,all,65-69,26636
2003,all,70-74,41879
2003,all,75-79,57377
2003,all,80-84,68007
2003,all,85-89,63748
2003,all,90-94,44198
2003,all,95+,17089
2003,all,<1,1733
2003,all,all,384828
2003,female,1-4,197
2003,female,10-14,140
2003,female,15-19,291
2003,female,20-24,410
2003,female,25-29,532
2003,female,30-34,724
2003,female,35-39,1176
2003,female,40-44,1665
2003,female,45-49,2299
2003,female,5-9,100
2003,female,50-54,2743
2003,female,55-59,3746
2003,female,60-64,4585
2003,female,65-69,8437
2003,female,70-74,14949
2003,female,75-79,24376
2003,female,80-84,34964
2003,female,85-89,39702
2003,female,90-94,30446
2003,female,95+,12680
2003,female,<1,769
2003,female,all,184931
2003,male,1-4,245
2003,male,10-14,201
2003,male,15-19,741
2003,male,20-24,1336
2003,male,25-29,1604
2003,male,30-34,2148
2003,male,35-39,2757
2003,male,40-44,3880
2003,male,45-49,4894
2003,male,5-9,154
2003,male,50-54,6658
2003,male,55-59,9548
2003,male,60-64,11387
2003,male,65-69,18199
2003,male,70-74,26930
2003,male,75-79,33001
2003,male,80-84,33043
2003,male,85-89,24046
2003,male,90-94,13752
2003,male,95+,4409
2003,male,<1,964
2003,male,all,199897
2004,all,1-4,379
2004,all,10-14,308
2004,all,15-19,923
2004,all,20-24,1524
2004,all,25-29,2063
2004,all,30-34,2596
2004,all,35-39,3894
2004,all,40-44,5209
2004,all,45-49,7371
2004,all,5-9,222
2004,all,50-54,9442
2004,all,55-59,13041
2004,all,60-64,16184
2004,all,65-69,24416
2004,all,70-74,40026
2004,all,75-79,55622
2004,all,80-84,68011
2004,all,85-89,60226
2004,all,90-94,42271
2004,all,95+,16393
2004,all,<1,1813
2004,all,all,371934
2004,female,1-4,175
2004,female,10-14,112
2004,female,15-19,262
2004,female,20-24,369
2004,female,25-29,506
2004,female,30-34,710
2004,female,35-39,1062
2004,female,40-44,1618
2004,female,45-49,2210
2004,female,5-9,88
2004,female,50-54,2726
2004,female,55-59,3716
2004,female,60-64,4689
2004,female,65-69,7669
2004,female,70-74,14323
2004,female,75-79,23283
2004,female,80-84,34403
2004,female,85-89,37253
2004,female,90-94,28916
2004,female,95+,12137
2004,female,<1,779
2004,female,all,177006
2004,male,1-4,204
2004,male,10-14,196
2004,male,15-19,661
2004,male,20-24,1155
2004,male,25-29,1557
2004,male,30-34,1886
2004,male,35-39,2832
2004,male,40-44,3591
2004,male,45-49,5161
2004,male,5-9,134
2004,male,50-54,6716
2004,male,55-59,9325
2004,male,60-64,11495
2004,male,65-69,16747
2004,male,70-74,25703
2004,male,75-79,32339
2004,male,80-84,33608
2004,male,85-89,22973
2004,male,90-94,13355
2004,male,95+,4256
2004,male,<1,1034
2004,male,all,194928
2005,all,1-4,380
2005,all,10-14,281
2005,all,15-19,914
2005,all,20-24,1430
2005,all,25-29,1846
2005,all,30-34,2568
2005,all,35-39,3763
2005,all,40-44,5310
2005,all,45-49,7307
2005,all,5-9,229
2005,all,50-54,9505
2005,all,55-59,13238
2005,all,60-64,16905
2005,all,65-69,23721
2005,all,70-74,40546
2005,all,75-79,57516
2005,all,80-84,73005
2005,all,85-89,64022
2005,all,90-94,44812
2005,all,95+,18292
2005,all,<1,1765
2005,all,all,387355
2005,female,1-4,157
2005,female,10-14,105
2005,female,15-19,234
2005,female,20-24,340
2005,female,25-29,436
2005,female,30-34,704
2005,female,35-39,1106
2005,female,40-44,1597
2005,female,45-49,2286
2005,female,5-9,104
2005,female,50-54,2699
2005,female,55-59,3713
2005,female,60-64,4903
2005,female,65-69,7364
2005,female,70-74,14387
2005,female,75-79,24042
2005,female,80-84,36848
2005,female,85-89,39305
2005,female,90-94,30812
2005,female,95+,13696
2005,female,<1,748
2005,female,all,185586
2005,male,1-4,223
2005,male,10-14,176
2005,male,15-19,680
2005,male,20-24,1090
2005,male,25-29,1410
2005,male,30-34,1864
2005,male,35-39,2657
2005,male,40-44,3713
2005,male,45-49,5021
2005,male,5-9,125
2005,male,50-54,6806
2005,male,55-59,9525
2005,male,60-64,12002
2005,male,65-69,16357
2005,male,70-74,26159
2005,male,75-79,33474
2005,male,80-84,36157
2005,male,85-89,24717
2005,male,90-94,14000
2005,male,95+,4596
2005,male,<1,1017
2005,male,all,201769
2006,all,1-4,357
2006,all,10-14,262
2006,all,15-19,786
2006,all,20-24,1270
2006,all,25-29,1739
2006,all,30-34,2358
2006,all,35-39,3582
2006,all,40-44,5282
2006,all,45-49,7297
2006,all,5-9,240
2006,all,50-54,9715
2006,all,55-59,13052
2006,all,60-64,17012
2006,all,65-69,22060
2006,all,70-74,37865
2006,all,75-79,54672
2006,all,80-84,69294
2006,all,85-89,62222
2006,all,90-94,42694
2006,all,95+,18015
2006,all,<1,1704
2006,all,all,371478
2006,female,1-4,160
2006,female,10-14,109
2006,female,15-19,204
2006,female,20-24,297
2006,female,25-29,434
2006,female,30-34,647
2006,female,35-39,1105
2006,female,40-44,1677
2006,female,45-49,2267
2006,female,5-9,77
2006,female,50-54,2820
2006,female,55-59,3622
2006,female,60-64,4856
2006,female,65-69,6852
2006,female,70-74,13406
2006,female,75-79,22866
2006,female,80-84,34705
2006,female,85-89,37903
2006,female,90-94,29129
2006,female,95+,13466
2006,female,<1,722
2006,female,all,177324
2006,male,1-4,197
2006,male,10-14,153
2006,male,15-19,582
2006,male,20-24,973
2006,male,25-29,1305
2006,male,30-34,1711
2006,male,35-39,2477
2006,male,40-44,3605
2006,male,45-49,5030
2006,male,5-9,163
2006,male,50-54,6895
2006,male,55-59,9430
2006,male,60-64,12156
2006,male,65-69,15208
2006,male,70-74,24459
2006,male,75-79,31806
2006,male,80-84,34589
2006,male,85-89,24319
2006,male,90-94,13565
2006,male,95+,4549
2006,male,<1,982
2006,male,all,194154
2007,all,1-4,385
2007,all,10-14,273
2007,all,15-19,789
2007,all,20-24,1178
2007,all,25-29,1688
2007,all,30-34,2268
2007,all,35-39,3422
2007,all,40-44,5416
2007,all,45-49,7475
2007,all,5-9,226
2007,all,50-54,9916
2007,all,55-59,13165
2007,all,60-64,17866
2007,all,65-69,21501
2007,all,70-74,37942
2007,all,75-79,55859
2007,all,80-84,72445
2007,all,85-89,67818
2007,all,90-94,44610
2007,all,95+,19415
2007,all,<1,1704
2007,all,all,385361
2007,female,1-4,181
2007,female,10-14,103
2007,female,15-19,199
2007,female,20-24,278
2007,female,25-29,393
2007,female,30-34,645
2007,female,35-39,1035
2007,female,40-44,1621
2007,female,45-49,2384
2007,female,5-9,99
2007,female,50-54,2999
2007,female,55-59,3737
2007,female,60-64,5195
2007,female,65-69,6646
2007,female,70-74,13248
2007,female,75-79,22992
2007,female,80-84,35896
2007,female,85-89,40705
2007,female,90-94,30611
2007,female,95+,14487
2007,female,<1,771
2007,female,all,184225
2007,male,1-4,204
2007,male,10-14,170
2007,male,15-19,590
2007,male,20-24,900
2007,male,25-29,1295
2007,male,30-34,1623
2007,male,35-39,2387
2007,male,40-44,3795
2007,male,45-49,5091
2007,male,5-9,127
2007,male,50-54,6917
2007,male,55-59,9428
2007,male,60-64,12671
2007,male,65-69,14855
2007,male,70-74,24694
2007,male,75-79,32867
2007,male,80-84,36549
2007,male,85-89,27113
2007,male,90-94,13999
2007,male,95+,4928
2007,male,<1,933
2007,male,all,201136
2008,all,1-4,345
2008,all,10-14,248
2008,all,15-19,751
2008,all,20-24,1090
2008,all,25-29,1543
2008,all,30-34,2141
2008,all,35-39,3259
2008,all,40-44,5205
2008,all,45-49,7703
2008,all,5-9,252
2008,all,50-54,10168
2008,all,55-59,13026
2008,all,60-64,17866
2008,all,65-69,20982
2008,all,70-74,35487
2008,all,75-79,55521
2008,all,80-84,72103
2008,all,85-89,70717
2008,all,90-94,45369
2008,all,95+,20807
2008,all,<1,1741
2008,all,all,386324
2008,female,1-4,163
2008,female,10-14,104
2008,female,15-19,223
2008,female,20-24,261
2008,female,25-29,379
2008,female,30-34,601
2008,female,35-39,1029
2008,female,40-44,1673
2008,female,45-49,2431
2008,female,5-9,92
2008,female,50-54,3129
2008,female,55-59,3896
2008,female,60-64,5106
2008,female,65-69,6451
2008,female,70-74,12563
2008,female,75-79,22880
2008,female,80-84,35893
2008,female,85-89,42255
2008,female,90-94,31169
2008,female,95+,15627
2008,female,<1,752
2008,female,all,186677
2008,male,1-4,182
2008,male,10-14,144
2008,male,15-19,528
2008,male,20-24,829
2008,male,25-29,1164
2008,male,30-34,1540
2008,male,35-39,2230
2008,male,40-44,3532
2008,male,45-49,5272
2008,male,5-9,160
2008,male,50-54,7039
2008,male,55-59,9130
2008,male,60-64,12760
2008,male,65-69,14531
2008,male,70-74,22924
2008,male,75-79,32641
2008,male,80-84,36210
2008,male,85-89,28462
2008,male,90-94,14200
2008,male,95+,5180
2008,male,<1,989
2008,male,all,199647
2009,all,1-4,396
2009,all,10-14,228
2009,all,15-19,616
2009,all,20-24,921
2009,all,25-29,1426
2009,all,30-34,2013
2009,all,35-39,2966
2009,all,40-44,4830
2009,all,45-49,7467
2009,all,5-9,206
2009,all,50-54,10114
2009,all,55-59,12887
2009,all,60-64,17743
2009,all,65-69,22262
2009,all,70-74,32883
2009,all,75-79,54576
2009,all,80-84,71705
2009,all,85-89,73552
2009,all,90-94,45201
2009,all,95+,21332
2009,all,<1,1609
2009,all,all,384933
2009,female,1-4,173
2009,female,10-14,82
2009,female,15-19,191
2009,female,20-24,282
2009,female,25-29,388
2009,female,30-34,586
2009,female,35-39,947
2009,female,40-44,1591
2009,female,45-49,2447
2009,female,5-9,94
2009,female,50-54,3194
2009,female,55-59,3735
2009,female,60-64,5127
2009,female,65-69,6717
2009,female,70-74,11605
2009,female,75-79,22132
2009,female,80-84,35504
2009,female,85-89,43192
2009,female,90-94,31000
2009,female,95+,16134
2009,female,<1,717
2009,female,all,185838
2009,male,1-4,223
2009,male,10-14,146
2009,male,15-19,425
2009,male,20-24,639
2009,male,25-29,1038
2009,male,30-34,1427
2009,male,35-39,2019
2009,male,40-44,3239
2009,male,45-49,5020
2009,male,5-9,112
2009,male,50-54,6920
2009,male,55-59,9152
2009,male,60-64,12616
2009,male,65-69,15545
2009,male,70-74,21278
2009,male,75-79,32444
2009,male,80-84,36201
2009,male,85-89,30360
2009,male,90-94,14201
2009,male,95+,5198
2009,male,<1,892
2009,male,all,199095
2010,all,1-4,357
2010,all,10-14,227
2010,all,15-19,505
2010,all,20-24,814
2010,all,25-29,1136
2010,all,30-34,1824
2010,all,35-39,2772
2010,all,40-44,4658
2010,all,45-49,7266
2010,all,5-9,199
2010,all,50-54,10289
2010,all,55-59,13080
2010,all,60-64,17399
2010,all,65-69,22090
2010,all,70-74,31039
2010,all,75-79,52778
2010,all,80-84,70874
2010,all,85-89,74620
2010,all,90-94,46498
2010,all,95+,22069
2010,all,<1,1553
2010,all,all,382047
2010,female,1-4,166
2010,female,10-14,86
2010,female,15-19,152
2010,female,20-24,221
2010,female,25-29,316
2010,female,30-34,552
2010,female,35-39,899
2010,female,40-44,1541
2010,female,45-49,2330
2010,female,5-9,80
2010,female,50-54,3161
2010,female,55-59,3950
2010,female,60-64,5017
2010,female,65-69,6692
2010,female,70-74,10802
2010,female,75-79,21520
2010,female,80-84,34286
2010,female,85-89,43303
2010,female,90-94,31561
2010,female,95+,16569
2010,female,<1,722
2010,female,all,183926
2010,male,1-4,191
2010,male,10-14,141
2010,male,15-19,353
2010,male,20-24,593
2010,male,25-29,820
2010,male,30-34,1272
2010,male,35-39,1873
2010,male,40-44,3117
2010,male,45-49,4936
2010,male,5-9,119
2010,male,50-54,7128
2010,male,55-59,9130
2010,male,60-64,12382
2010,male,65-69,15398
2010,male,70-74,20237
2010,male,75-79,31258
2010,male,80-84,36588
2010,male,85-89,31317
2010,male,90-94,14937
2010,male,95+,5500
2010,male,<1,831
2010,male,all,198121
2011,all,1-4,329
2011,all,10-14,237
2011,all,15-19,500
2011,all,20-24,779
2011,all,25-29,1048
2011,all,30-34,1738
2011,all,35-39,2687
2011,all,40-44,4459
2011,all,45-49,7100
2011,all,5-9,206
2011,all,50-54,10522
2011,all,55-59,13153
2011,all,60-64,17493
2011,all,65-69,22532
2011,all,70-74,29946
2011,all,75-79,51939
2011,all,80-84,72313
2011,all,85-89,77293
2011,all,90-94,48781
2011,all,95+,23351
2011,all,<1,1505
2011,all,all,387911
2011,female,1-4,146
2011,female,10-14,105
2011,female,15-19,185
2011,female,20-24,196
2011,female,25-29,309
2011,female,30-34,552
2011,female,35-39,910
2011,female,40-44,1533
2011,female,45-49,2359
2011,female,5-9,83
2011,female,50-54,3370
2011,female,55-59,4001
2011,female,60-64,5129
2011,female,65-69,6899
2011,female,70-74,10229
2011,female,75-79,21126
2011,female,80-84,35060
2011,female,85-89,44639
2011,female,90-94,32886
2011,female,95+,17653
2011,female,<1,687
2011,female,all,188057
2011,male,1-4,183
2011,male,10-14,132
2011,male,15-19,315
2011,male,20-24,583
2011,male,25-29,739
2011,male,30-34,1186
2011,male,35-39,1777
2011,male,40-44,2926
2011,male,45-49,4741
2011,male,5-9,123
2011,male,50-54,7152
2011,male,55-59,9152
2011,male,60-64,12364
2011,male,65-69,15633
2011,male,70-74,19717
2011,male,75-79,30813
2011,male,80-84,37253
2011,male,85-89,32654
2011,male,90-94,15895
2011,male,95+,5698
2011,male,<1,818
2011,male,all,199854
2012,all,1-4,308
2012,all,10-14,213
2012,all,15-19,429
2012,all,20-24,700
2012,all,25-29,978
2012,all,30-34,1637
2012,all,35-39,2589
2012,all,40-44,4237
2012,all,45-49,7095
2012,all,5-9,226
2012,all,50-54,10204
2012,all,55-59,13167
2012,all,60-64,17863
2012,all,65-69,23445
2012,all,70-74,28775
2012,all,75-79,52020
2012,all,80-84,74869
2012,all,85-89,82739
2012,all,90-94,55156
2012,all,95+,24896
2012,all,<1,1404
2012,all,all,402950
2012,female,1-4,143
2012,female,10-14,85
2012,female,15-19,150
2012,female,20-24,191
2012,female,25-29,315
2012,female,30-34,518
2012,female,35-39,878
2012,female,40-44,1395
2012,female,45-49,2348
2012,female,5-9,98
2012,female,50-54,3268
2012,female,55-59,3980
2012,female,60-64,5293
2012,female,65-69,7163
2012,female,70-74,9712
2012,female,75-79,21063
2012,female,80-84,36270
2012,female,85-89,47761
2012,female,90-94,37022
2012,female,95+,18745
2012,female,<1,632
2012,female,all,197030
2012,male,1-4,165
2012,male,10-14,128
2012,male,15-19,279
2012,male,20-24,509
2012,male,25-29,663
2012,male,30-34,1119
2012,male,35-39,1711
2012,male,40-44,2842
2012,male,45-49,4747
2012,male,5-9,128
2012,male,50-54,6936
2012,male,55-59,9187
2012,male,60-64,12570
2012,male,65-69,16282
2012,male,70-74,19063
2012,male,75-79,30957
2012,male,80-84,38599
2012,male,85-89,34978
2012,male,90-94,18134
2012,male,95+,6151
2012,male,<1,772
2012,male,all,205920
2013,all,1-4,290
2013,all,10-14,193
2013,all,15-19,381
2013,all,20-24,607
2013,all,25-29,852
2013,all,30-34,1389
2013,all,35-39,2389
2013,all,40-44,3874
2013,all,45-49,6888
2013,all,5-9,217
2013,all,50-54,10290
2013,all,55-59,13397
2013,all,60-64,17553
2013,all,65-69,23662
2013,all,70-74,28266
2013,all,75-79,47928
2013,all,80-84,72142
2013,all,85-89,79519
2013,all,90-94,55401
2013,all,95+,24017
2013,all,<1,1164
2013,all,all,390419
2013,female,1-4,137
2013,female,10-14,85
2013,female,15-19,124
2013,female,20-24,172
2013,female,25-29,254
2013,female,30-34,423
2013,female,35-39,895
2013,female,40-44,1343
2013,female,45-49,2330
2013,female,5-9,100
2013,female,50-54,3403
2013,female,55-59,4191
2013,female,60-64,5244
2013,female,65-69,7357
2013,female,70-74,9659
2013,female,75-79,19209
2013,female,80-84,34626
2013,female,85-89,45388
2013,female,90-94,36872
2013,female,95+,18243
2013,female,<1,530
2013,female,all,190585
2013,male,1-4,153
2013,male,10-14,108
2013,male,15-19,257
2013,male,20-24,435
2013,male,25-29,598
2013,male,30-34,966
2013,male,35-39,1494
2013,male,40-44,2531
2013,male,45-49,4558
2013,male,5-9,117
2013,male,50-54,6887
2013,male,55-59,9206
2013,male,60-64,12309
2013,male,65-69,16305
2013,male,70-74,18607
2013,male,75-79,28719
2013,male,80-84,37516
2013,male,85-89,34131
2013,male,90-94,18529
2013,male,95+,5774
2013,male,<1,634
2013,male,all,199834
2014,all,1-4,264
2014,all,10-14,211
2014,all,15-19,362
2014,all,20-24,659
2014,all,25-29,766
2014,all,30-34,1347
2014,all,35-39,2101
2014,all,40-44,3842
2014,all,45-49,6732
2014,all,5-9,188
2014,all,50-54,10081
2014,all,55-59,13625
2014,all,60-64,17320
2014,all,65-69,23859
2014,all,70-74,29961
2014,all,75-79,45167
2014,all,80-84,72251
2014,all,85-89,81309
2014,all,90-94,59790
2014,all,95+,24763
2014,all,<1,1232
2014,all,all,395830
2014,female,1-4,118
2014,female,10-14,97
2014,female,15-19,124
2014,female,20-24,189
2014,female,25-29,233
2014,female,30-34,431
2014,female,35-39,772
2014,female,40-44,1374
2014,female,45-49,2265
2014,female,5-9,79
2014,female,50-54,3282
2014,female,55-59,4334
2014,female,60-64,5260
2014,female,65-69,7382
2014,female,70-74,10247
2014,female,75-79,18110
2014,female,80-84,34919
2014,female,85-89,46452
2014,female,90-94,39263
2014,female,95+,18778
2014,female,<1,550
2014,female,all,194259
2014,male,1-4,146
2014,male,10-14,114
2014,male,15-19,238
2014,male,20-24,470
2014,male,25-29,533
2014,male,30-34,916
2014,male,35-39,1329
2014,male,40-44,2468
2014,male,45-49,4467
2014,male,5-9,109
2014,male,50-54,6799
2014,male,55-59,9291
2014,male,60-64,12060
2014,male,65-69,16477
2014,male,70-74,19714
2014,male,75-79,27057
2014,male,80-84,37332
2014,male,85-89,34857
2014,male,90-94,20527
2014,male,95+,5985
2014,male,<1,682
2014,male,all,201571
2015,all,1-4,221
2015,all,10-14,203
2015,all,15-19,394
2015,all,20-24,580
2015,all,25-29,800
2015,all,30-34,1187
2015,all,35-39,2189
2015,all,40-44,3683
2015,all,45-49,6359
2015,all,5-9,205
2015,all,50-54,10281
2015,all,55-59,14437
2015,all,60-64,17672
2015,all,65-69,24328
2015,all,70-74,31377
2015,all,75-79,45522
2015,all,80-84,76613
2015,all,85-89,89152
2015,all,90-94,67510
2015,all,95+,28716
2015,all,<1,1139
2015,all,all,422568
2015,female,1-4,91
2015,female,10-14,90
2015,female,15-19,116
2015,female,20-24,173
2015,female,25-29,222
2015,female,30-34,364
2015,female,35-39,743
2015,female,40-44,1344
2015,female,45-49,2225
2015,female,5-9,85
2015,female,50-54,3403
2015,female,55-59,4688
2015,female,60-64,5372
2015,female,65-69,7501
2015,female,70-74,10590
2015,female,75-79,18089
2015,female,80-84,36743
2015,female,85-89,50832
2015,female,90-94,44415
2015,female,95+,21668
2015,female,<1,505
2015,female,all,209259
2015,male,1-4,130
2015,male,10-14,113
2015,male,15-19,278
2015,male,20-24,407
2015,male,25-29,578
2015,male,30-34,823
2015,male,35-39,1446
2015,male,40-44,2339
2015,male,45-49,4134
2015,male,5-9,120
2015,male,50-54,6878
2015,male,55-59,9749
2015,male,60-64,12300
2015,male,65-69,16827
2015,male,70-74,20787
2015,male,75-79,27433
2015,male,80-84,39870
2015,male,85-89,38320
2015,male,90-94,23095
2015,male,95+,7048
2015,male,<1,634
2015,male,all,213309
2016,all,1-4,248
2016,all,10-14,183
2016,all,15-19,393
2016,all,20-24,574
2016,all,25-29,756
2016,all,30-34,1211
2016,all,35-39,2070
2016,all,40-44,3568
2016,all,45-49,6149
2016,all,5-9,179
2016,all,50-54,10282
2016,all,55-59,14184
2016,all,60-64,18030
2016,all,65-69,24138
2016,all,70-74,31610
2016,all,75-79,42532
2016,all,80-84,71892
2016,all,85-89,86575
2016,all,90-94,66432
2016,all,95+,28485
2016,all,<1,1120
2016,all,all,410611
2016,female,1-4,115
2016,female,10-14,75
2016,female,15-19,137
2016,female,20-24,173
2016,female,25-29,226
2016,female,30-34,368
2016,female,35-39,753
2016,female,40-44,1272
2016,female,45-49,2128
2016,female,5-9,72
2016,female,50-54,3422
2016,female,55-59,4545
2016,female,60-64,5522
2016,female,65-69,7536
2016,female,70-74,10705
2016,female,75-79,16783
2016,female,80-84,33998
2016,female,85-89,48674
2016,female,90-94,43207
2016,female,95+,21444
2016,female,<1,463
2016,female,all,201618
2016,male,1-4,133
2016,male,10-14,108
2016,male,15-19,256
2016,male,20-24,401
2016,male,25-29,530
2016,male,30-34,843
2016,male,35-39,1317
2016,male,40-44,2296
2016,male,45-49,4021
2016,male,5-9,107
2016,male,50-54,6860
2016,male,55-59,9639
2016,male,60-64,12508
2016,male,65-69,16602
2016,male,70-74,20905
2016,male,75-79,25749
2016,male,80-84,37894
2016,male,85-89,37901
2016,male,90-94,23225
2016,male,95+,7041
2016,male,<1,657
2016,male,all,208993
2017,all,1-4,226
2017,all,10-14,202
2017,all,15-19,396
2017,all,20-24,595
2017,all,25-29,834
2017,all,30-34,1132
2017,all,35-39,2082
2017,all,40-44,3484
2017,all,45-49,6057
2017,all,5-9,178
2017,all,50-54,10103
2017,all,55-59,14428
2017,all,60-64,18187
2017,all,65-69,24497
2017,all,70-74,33020
2017,all,75-79,40776
2017,all,80-84,72688
2017,all,85-89,91326
2017,all,90-94,70918
2017,all,95+,32302
2017,all,<1,1092
2017,all,all,424523
2017,female,1-4,88
2017,female,10-14,98
2017,female,15-19,134
2017,female,20-24,187
2017,female,25-29,249
2017,female,30-34,343
2017,female,35-39,736
2017,female,40-44,1265
2017,female,45-49,2153
2017,female,5-9,82
2017,female,50-54,3405
2017,female,55-59,4717
2017,female,60-64,5802
2017,female,65-69,7703
2017,female,70-74,11280
2017,female,75-79,16147
2017,female,80-84,34274
2017,female,85-89,50929
2017,female,90-94,46107
2017,female,95+,24115
2017,female,<1,473
2017,female,all,210287
2017,male,1-4,138
2017,male,10-14,104
2017,male,15-19,262
2017,male,20-24,408
2017,male,25-29,585
2017,male,30-34,789
2017,male,35-39,1346
2017,male,40-44,2219
2017,male,45-49,3904
2017,male,5-9,96
2017,male,50-54,6698
2017,male,55-59,9711
2017,male,60-64,12385
2017,male,65-69,16794
2017,male,70-74,21740
2017,male,75-79,24629
2017,male,80-84,38414
2017,male,85-89,40397
2017,male,90-94,24811
2017,male,95+,8187
2017,male,<1,619
2017,male,all,214236
2018,all,1-4,240
2018,all,10-14,198
2018,all,15-19,413
2018,all,20-24,624
2018,all,25-29,828
2018,all,30-34,1146
2018,all,35-39,1957
2018,all,40-44,3465
2018,all,45-49,5862
2018,all,5-9,179
2018,all,50-54,10029
2018,all,55-59,14651
2018,all,60-64,19100
2018,all,65-69,24425
2018,all,70-74,33621
2018,all,75-79,41376
2018,all,80-84,70037
2018,all,85-89,92255
2018,all,90-94,72355
2018,all,95+,33933
2018,all,<1,1027
2018,all,all,427721
2018,female,1-4,95
2018,female,10-14,92
2018,female,15-19,145
2018,female,20-24,183
2018,female,25-29,229
2018,female,30-34,372
2018,female,35-39,689
2018,female,40-44,1241
2018,female,45-49,2071
2018,female,5-9,74
2018,female,50-54,3346
2018,female,55-59,4745
2018,female,60-64,6039
2018,female,65-69,7723
2018,female,70-74,11325
2018,female,75-79,16317
2018,female,80-84,32907
2018,female,85-89,51373
2018,female,90-94,46681
2018,female,95+,25170
2018,female,<1,462
2018,female,all,211279
2018,male,1-4,145
2018,male,10-14,106
2018,male,15-19,268
2018,male,20-24,441
2018,male,25-29,599
2018,male,30-34,774
2018,male,35-39,1268
2018,male,40-44,2224
2018,male,45-49,3791
2018,male,5-9,105
2018,male,50-54,6683
2018,male,55-59,9906
2018,male,60-64,13061
2018,male,65-69,16702
2018,male,70-74,22296
2018,male,75-79,25059
2018,male,80-84,37130
2018,male,85-89,40882
2018,male,90-94,25674
2018,male,95+,8763
2018,male,<1,565
2018,male,all,216442
2019,all,1-4,247
2019,all,10-14,216
2019,all,15-19,394
2019,all,20-24,583
2019,all,25-29,770
2019,all,30-34,1087
2019,all,35-39,1861
2019,all,40-44,3211
2019,all,45-49,5793
2019,all,5-9,145
2019,all,50-54,9897
2019,all,55-59,14481
2019,all,60-64,19305
2019,all,65-69,23916
2019,all,70-74,33526
2019,all,75-79,42178
2019,all,80-84,63630
2019,all,85-89,90088
2019,all,90-94,71914
2019,all,95+,34484
2019,all,<1,977
2019,all,all,418703
2019,female,1-4,115
2019,female,10-14,85
2019,female,15-19,128
2019,female,20-24,163
2019,female,25-29,232
2019,female,30-34,344
2019,female,35-39,633
2019,female,40-44,1174
2019,female,45-49,2027
2019,female,5-9,67
2019,female,50-54,3292
2019,female,55-59,4813
2019,female,60-64,6261
2019,female,65-69,7638
2019,female,70-74,11344
2019,female,75-79,16469
2019,female,80-84,29676
2019,female,85-89,49491
2019,female,90-94,46184
2019,female,95+,25465
2019,female,<1,419
2019,female,all,206020
2019,male,1-4,132
2019,male,10-14,131
2019,male,15-19,266
2019,male,20-24,420
2019,male,25-29,538
2019,male,30-34,743
2019,male,35-39,1228
2019,male,40-44,2037
2019,male,45-49,3766
2019,male,5-9,78
2019,male,50-54,6605
2019,male,55-59,9668
2019,male,60-64,13044
2019,male,65-69,16278
2019,male,70-74,22182
2019,male,75-79,25709
2019,male,80-84,33954
2019,male,85-89,40597
2019,male,90-94,25730
2019,male,95+,9019
2019,male,<1,558
2019,male,all,212683
2020,all,1-4,188
2020,all,10-14,189
2020,all,15-19,379
2020,all,20-24,609
2020,all,25-29,823
2020,all,30-34,1224
2020,all,35-39,1935
2020,all,40-44,3556
2020,all,45-49,6045
2020,all,5-9,139
2020,all,50-54,10389
2020,all,55-59,15847
2020,all,60-64,21967
2020,all,65-69,27536
2020,all,70-74,38816
2020,all,75-79,52375
2020,all,80-84,74045
2020,all,85-89,107394
2020,all,90-94,87184
2020,all,95+,42246
2020,all,<1,890
2020,all,all,493776
2020,female,1-4,71
2020,female,10-14,80
2020,female,15-19,137
2020,female,20-24,151
2020,female,25-29,243
2020,female,30-34,376
2020,female,35-39,685
2020,female,40-44,1283
2020,female,45-49,2133
2020,female,5-9,72
2020,female,50-54,3480
2020,female,55-59,5300
2020,female,60-64,7107
2020,female,65-69,8816
2020,female,70-74,13274
2020,female,75-79,20192
2020,female,80-84,34834
2020,female,85-89,58838
2020,female,90-94,55578
2020,female,95+,31068
2020,female,<1,394
2020,female,all,244112
2020,male,1-4,117
2020,male,10-14,109
2020,male,15-19,242
2020,male,20-24,458
2020,male,25-29,580
2020,male,30-34,848
2020,male,35-39,1250
2020,male,40-44,2273
2020,male,45-49,3912
2020,male,5-9,67
2020,male,50-54,6909
2020,male,55-59,10547
2020,male,60-64,14860
2020,male,65-69,18720
2020,male,70-74,25542
2020,male,75-79,32183
2020,male,80-84,39211
2020,male,85-89,48556
2020,male,90-94,31606
2020,male,95+,11178
2020,male,<1,496
2020,male,all,249664
2021,all,1-4,189
2021,all,10-14,215
2021,all,15-19,438
2021,all,20-24,697
2021,all,25-29,806
2021,all,30-34,1206
2021,all,35-39,1898
2021,all,40-44,3410
2021,all,45-49,5851
2021,all,5-9,170
2021,all,50-54,9903
2021,all,55-59,15544
2021,all,60-64,21994
2021,all,65-69,27465
2021,all,70-74,36355
2021,all,75-79,48847
2021,all,80-84,64074
2021,all,85-89,94365
2021,all,90-94,78091
2021,all,95+,38365
2021,all,<1,861
2021,all,all,450744
2021,female,1-4,85
2021,female,10-14,98
2021,female,15-19,133
2021,female,20-24,189
2021,female,25-29,210
2021,female,30-34,365
2021,female,35-39,682
2021,female,40-44,1207
2021,female,45-49,2092
2021,female,5-9,84
2021,female,50-54,3407
2021,female,55-59,4993
2021,female,60-64,7056
2021,female,65-69,8834
2021,female,70-74,12455
2021,female,75-79,18951
2021,female,80-84,29634
2021,female,85-89,51232
2021,female,90-94,49254
2021,female,95+,27990
2021,female,<1,383
2021,female,all,219334
2021,male,1-4,104
2021,male,10-14,117
2021,male,15-19,305
2021,male,20-24,508
2021,male,25-29,596
2021,male,30-34,841
2021,male,35-39,1216
2021,male,40-44,2203
2021,male,45-49,3759
2021,male,5-9,86
2021,male,50-54,6496
2021,male,55-59,10551
2021,male,60-64,14938
2021,male,65-69,18631
2021,male,70-74,23900
2021,male,75-79,29896
2021,male,80-84,34440
2021,male,85-89,43133
2021,male,90-94,28837
2021,male,95+,10375
2021,male,<1,478
2021,male,all,231410
2022,all,1-4,257
2022,all,10-14,247
2022,all,15-19,475
2022,all,20-24,744
2022,all,25-29,785
2022,all,30-34,1214
2022,all,35-39,1790
2022,all,40-44,3422
2022,all,45-49,5697
2022,all,5-9,175
2022,all,50-54,9768
2022,all,55-59,15497
2022,all,60-64,21799
2022,all,65-69,27473
2022,all,70-74,36476
2022,all,75-79,50617
2022,all,80-84,61479
2022,all,85-89,96180
2022,all,90-94,85890
2022,all,95+,43563
2022,all,<1,869
2022,all,all,464417
2022,female,1-4,106
2022,female,10-14,94
2022,female,15-19,144
2022,female,20-24,211
2022,female,25-29,231
2022,female,30-34,363
2022,female,35-39,621
2022,female,40-44,1194
2022,female,45-49,2084
2022,female,5-9,76
2022,female,50-54,3410
2022,female,55-59,5131
2022,female,60-64,7227
2022,female,65-69,9075
2022,female,70-74,12667
2022,female,75-79,19885
2022,female,80-84,28517
2022,female,85-89,52390
2022,female,90-94,54179
2022,female,95+,32080
2022,female,<1,370
2022,female,all,230055
2022,male,1-4,151
2022,male,10-14,153
2022,male,15-19,331
2022,male,20-24,533
2022,male,25-29,554
2022,male,30-34,851
2022,male,35-39,1169
2022,male,40-44,2228
2022,male,45-49,3613
2022,male,5-9,99
2022,male,50-54,6358
2022,male,55-59,10366
2022,male,60-64,14572
2022,male,65-69,18398
2022,male,70-74,23809
2022,male,75-79,30732
2022,male,80-84,32962
2022,male,85-89,43790
2022,male,90-94,31711
2022,male,95+,11483
2022,male,<1,499
2022,male,all,234362
2023,all,1-4,229
2023,all,10-14,188
2023,all,15-19,444
2023,all,20-24,728
2023,all,25-29,825
2023,all,30-34,1168
2023,all,35-39,1722
2023,all,40-44,3170
2023,all,45-49,5520
2023,all,5-9,169
2023,all,50-54,9069
2023,all,55-59,14901
2023,all,60-64,20953
2023,all,65-69,26669
2023,all,70-74,34329
2023,all,75-79,49031
2023,all,80-84,58334
2023,all,85-89,85598
2023,all,90-94,80923
2023,all,95+,41306
2023,all,<1,848
2023,all,all,436124
2023,female,1-4,92
2023,female,10-14,86
2023,female,15-19,164
2023,female,20-24,186
2023,female,25-29,239
2023,female,30-34,351
2023,female,35-39,567
2023,female,40-44,1144
2023,female,45-49,1979
2023,female,5-9,85
2023,female,50-54,3125
2023,female,55-59,5016
2023,female,60-64,6957
2023,female,65-69,8918
2023,female,70-74,11988
2023,female,75-79,19180
2023,female,80-84,26657
2023,female,85-89,47100
2023,female,90-94,50883
2023,female,95+,30277
2023,female,<1,388
2023,female,all,215382
2023,male,1-4,137
2023,male,10-14,102
2023,male,15-19,280
2023,male,20-24,542
2023,male,25-29,586
2023,male,30-34,817
2023,male,35-39,1155
2023,male,40-44,2026
2023,male,45-49,3541
2023,male,5-9,84
2023,male,50-54,5944
2023,male,55-59,9885
2023,male,60-64,13996
2023,male,65-69,17751
2023,male,70-74,22341
2023,male,75-79,29851
2023,male,80-84,31677
2023,male,85-89,38498
2023,male,90-94,30040
2023,male,95+,11029
2023,male,<1,460
2023,male,all,220742
2024,all,1-4,201
2024,all,10-14,210
2024,all,15-19,432
2024,all,20-24,661
2024,all,25-29,808
2024,all,30-34,1127
2024,all,35-39,1671
2024,all,40-44,3055
2024,all,45-49,5450
2024,all,5-9,171
2024,all,50-54,8831
2024,all,55-59,14389
2024,all,60-64,20963
2024,all,65-69,27004
2024,all,70-74,33622
2024,all,75-79,48173
2024,all,80-84,61177
2024,all,85-89,80436
2024,all,90-94,82931
2024,all,95+,43836
2024,all,<1,970
2024,all,all,436118
2024,female,1-4,89
2024,female,10-14,90
2024,female,15-19,143
2024,female,20-24,191
2024,female,25-29,238
2024,female,30-34,355
2024,female,35-39,532
2024,female,40-44,1046
2024,female,45-49,1957
2024,female,5-9,65
2024,female,50-54,3132
2024,female,55-59,4893
2024,female,60-64,6967
2024,female,65-69,9373
2024,female,70-74,11879
2024,female,75-79,18640
2024,female,80-84,27754
2024,female,85-89,43964
2024,female,90-94,52142
2024,female,95+,32163
2024,female,<1,415
2024,female,all,216028
2024,male,1-4,112
2024,male,10-14,120
2024,male,15-19,289
2024,male,20-24,470
2024,male,25-29,570
2024,male,30-34,772
2024,male,35-39,1139
2024,male,40-44,2009
2024,male,45-49,3493
2024,male,5-9,106
2024,male,50-54,5699
2024,male,55-59,9496
2024,male,60-64,13996
2024,male,65-69,17631
2024,male,70-74,21743
2024,male,75-79,29533
2024,male,80-84,33423
2024,male,85-89,36472
2024,male,90-94,30789
2024,male,95+,11673
2024,male,<1,555
2024,male,all,220090
