year,sex,age_group,population_july1
1971,all,1-4,2562574
1971,all,10-14,3052838
1971,all,15-19,2727384
1971,all,20-24,2563007
1971,all,25-29,2287018
1971,all,30-34,2022913
1971,all,35-39,2393732
1971,all,40-44,2332760
1971,all,45-49,2153979
1971,all,5-9,3236894
1971,all,50-54,1763350
1971,all,55-59,1626706
1971,all,60-64,1517126
1971,all,65-69,1284025
1971,all,70-74,918458
1971,all,75-79,600001
1971,all,80-84,334135
1971,all,<1,651607
1971,female,1-4,1248941
1971,female,10-14,1494184
1971,female,15-19,1346134
1971,female,20-24,1267576
1971,female,25-29,1142086
1971,female,30-34,1018488
1971,female,35-39,1207313
1971,female,40-44,1179687
1971,female,45-49,1095218
1971,female,5-9,1580364
1971,female,50-54,932442
1971,female,55-59,878286
1971,female,60-64,822724
1971,female,65-69,716800
1971,female,70-74,535068
1971,female,75-79,364283
1971,female,80-84,212907
1971,female,<1,316730
1971,male,1-4,1313633
1971,male,10-14,1558654
1971,male,15-19,1381249
1971,male,20-24,1295430
1971,male,25-29,1144930
1971,male,30-34,1004425
1971,male,35-39,1186418
1971,male,40-44,1153074
1971,male,45-49,1058760
1971,male,5-9,1656530
1971,male,50-54,830907
1971,male,55-59,748421
1971,male,60-64,694402
1971,male,65-69,567224
1971,male,70-74,383393
1971,male,75-79,235717
1971,male,80-84,121228
1971,male,<1,334877
1972,all,1-4,2565748
1972,all,10-14,3090411
1972,all,15-19,2762586
1972,all,20-24,2595284
1972,all,25-29,2374710
1972,all,30-34,1968388
1972,all,35-39,2362534
1972,all,40-44,2361472
1972,all,45-49,2178656
1972,all,5-9,3269953
1972,all,50-54,1846542
1972,all,55-59,1617608
1972,all,60-64,1532935
1972,all,65-69,1308357
1972,all,70-74,949068
1972,all,75-79,618643
1972,all,80-84,339981
1972,all,<1,663479
1972,female,1-4,1249106
1972,female,10-14,1512704
1972,female,15-19,1363211
1972,female,20-24,1283390
1972,female,25-29,1183911
1972,female,30-34,987115
1972,female,35-39,1194324
1972,female,40-44,1192618
1972,female,45-49,1107889
1972,female,5-9,1597099
1972,female,50-54,966050
1972,female,55-59,875194
1972,female,60-64,833335
1972,female,65-69,730925
1972,female,70-74,551815
1972,female,75-79,376462
1972,female,80-84,216952
1972,female,<1,322448
1972,male,1-4,1316641
1972,male,10-14,1577706
1972,male,15-19,1399374
1972,male,20-24,1311894
1972,male,25-29,1190799
1972,male,30-34,981272
1972,male,35-39,1168210
1972,male,40-44,1168854
1972,male,45-49,1070766
1972,male,5-9,1672855
1972,male,50-54,880492
1972,male,55-59,742414
1972,male,60-64,699598
1972,male,65-69,577432
1972,male,70-74,397252
1972,male,75-79,242181
1972,male,80-84,123028
1972,male,<1,341031
1973,all,1-4,2581596
1973,all,10-14,3122860
1973,all,15-19,2809551
1973,all,20-24,2602639
1973,all,25-29,2449144
1973,all,30-34,2015252
1973,all,35-39,2265653
1973,all,40-44,2393171
1973,all,45-49,2202984
1973,all,5-9,3284767
1973,all,50-54,1929958
1973,all,55-59,1615333
1973,all,60-64,1546587
1973,all,65-69,1326858
1973,all,70-74,993919
1973,all,75-79,630829
1973,all,80-84,347660
1973,all,<1,667002
1973,female,1-4,1256081
1973,female,10-14,1529742
1973,female,15-19,1384556
1973,female,20-24,1287161
1973,female,25-29,1219528
1973,female,30-34,1008701
1973,female,35-39,1145328
1973,female,40-44,1207093
1973,female,45-49,1119722
1973,female,5-9,1603516
1973,female,50-54,1000702
1973,female,55-59,875404
1973,female,60-64,843883
1973,female,65-69,740098
1973,female,70-74,577450
1973,female,75-79,383925
1973,female,80-84,222363
1973,female,<1,324191
1973,male,1-4,1325513
1973,male,10-14,1593118
1973,male,15-19,1424995
1973,male,20-24,1315478
1973,male,25-29,1229617
1973,male,30-34,1006551
1973,male,35-39,1120325
1973,male,40-44,1186079
1973,male,45-49,1083263
1973,male,5-9,1681250
1973,male,50-54,929256
1973,male,55-59,739928
1973,male,60-64,702706
1973,male,65-69,586759
1973,male,70-74,416467
1973,male,75-79,246901
1973,male,80-84,125298
1973,male,<1,342810
1974,all,1-4,2607435
1974,all,10-14,3173705
1974,all,15-19,2874145
1974,all,20-24,2592687
1974,all,25-29,2497216
1974,all,30-34,2143437
1974,all,35-39,2130250
1974,all,40-44,2407640
1974,all,45-49,2234177
1974,all,5-9,3269457
1974,all,50-54,2011339
1974,all,55-59,1615296
1974,all,60-64,1558009
1974,all,65-69,1347214
1974,all,70-74,1041274
1974,all,75-79,641583
1974,all,80-84,354771
1974,all,<1,663447
1974,female,1-4,1268371
1974,female,10-14,1555245
1974,female,15-19,1414208
1974,female,20-24,1282020
1974,female,25-29,1243132
1974,female,30-34,1070251
1974,female,35-39,1077456
1974,female,40-44,1213903
1974,female,45-49,1135833
1974,female,5-9,1594737
1974,female,50-54,1034497
1974,female,55-59,874908
1974,female,60-64,853481
1974,female,65-69,749510
1974,female,70-74,606197
1974,female,75-79,389519
1974,female,80-84,227710
1974,female,<1,322594
1974,male,1-4,1339065
1974,male,10-14,1618461
1974,male,15-19,1459939
1974,male,20-24,1310669
1974,male,25-29,1254083
1974,male,30-34,1073187
1974,male,35-39,1052794
1974,male,40-44,1193735
1974,male,45-49,1098344
1974,male,5-9,1674722
1974,male,50-54,976840
1974,male,55-59,740388
1974,male,60-64,704528
1974,male,65-69,597705
1974,male,70-74,435077
1974,male,75-79,252063
1974,male,80-84,127061
1974,male,<1,340853
1975,all,1-4,2635317
1975,all,10-14,3223046
1975,all,15-19,2946072
1975,all,20-24,2607443
1975,all,25-29,2507265
1975,all,30-34,2228440
1975,all,35-39,2065815
1975,all,40-44,2395577
1975,all,45-49,2272066
1975,all,5-9,3252445
1975,all,50-54,2073911
1975,all,55-59,1639956
1975,all,60-64,1558499
1975,all,65-69,1368656
1975,all,70-74,1071412
1975,all,75-79,666295
1975,all,80-84,362875
1975,all,<1,668420
1975,female,1-4,1281340
1975,female,10-14,1577244
1975,female,15-19,1450165
1975,female,20-24,1289586
1975,female,25-29,1246448
1975,female,30-34,1111713
1975,female,35-39,1044289
1975,female,40-44,1207417
1975,female,45-49,1153744
1975,female,5-9,1585369
1975,female,50-54,1061769
1975,female,55-59,885224
1975,female,60-64,855262
1975,female,65-69,761741
1975,female,70-74,622605
1975,female,75-79,406063
1975,female,80-84,233247
1975,female,<1,324035
1975,male,1-4,1353977
1975,male,10-14,1645802
1975,male,15-19,1495908
1975,male,20-24,1317856
1975,male,25-29,1260816
1975,male,30-34,1116727
1975,male,35-39,1021525
1975,male,40-44,1188160
1975,male,45-49,1118322
1975,male,5-9,1667075
1975,male,50-54,1012143
1975,male,55-59,754733
1975,male,60-64,703238
1975,male,65-69,606915
1975,male,70-74,448807
1975,male,75-79,260232
1975,male,80-84,129625
1975,male,<1,344385
1976,all,1-4,2650236
1976,all,10-14,3264694
1976,all,15-19,3011750
1976,all,20-24,2640678
1976,all,25-29,2511285
1976,all,30-34,2280545
1976,all,35-39,2024571
1976,all,40-44,2384746
1976,all,45-49,2306796
1976,all,5-9,3252065
1976,all,50-54,2113067
1976,all,55-59,1701869
1976,all,60-64,1550632
1976,all,65-69,1389536
1976,all,70-74,1093394
1976,all,75-79,698034
1976,all,80-84,379274
1976,all,<1,662526
1976,female,1-4,1287389
1976,female,10-14,1595152
1976,female,15-19,1484178
1976,female,20-24,1306341
1976,female,25-29,1246666
1976,female,30-34,1138244
1976,female,35-39,1018807
1976,female,40-44,1204365
1976,female,45-49,1169776
1976,female,5-9,1583626
1976,female,50-54,1080961
1976,female,55-59,910216
1976,female,60-64,852206
1976,female,65-69,774867
1976,female,70-74,633700
1976,female,75-79,426793
1976,female,80-84,243613
1976,female,<1,321076
1976,male,1-4,1362845
1976,male,10-14,1669542
1976,male,15-19,1527571
1976,male,20-24,1334338
1976,male,25-29,1264620
1976,male,30-34,1142301
1976,male,35-39,1005763
1976,male,40-44,1180382
1976,male,45-49,1137019
1976,male,5-9,1668440
1976,male,50-54,1032107
1976,male,55-59,791652
1976,male,60-64,698426
1976,male,65-69,614668
1976,male,70-74,459695
1976,male,75-79,271240
1976,male,80-84,135660
1976,male,<1,341450
1977,all,1-4,2652557
1977,all,10-14,3307886
1977,all,15-19,3060981
1977,all,20-24,2682752
1977,all,25-29,2531076
1977,all,30-34,2362570
1977,all,35-39,1970112
1977,all,40-44,2354351
1977,all,45-49,2337864
1977,all,5-9,3255767
1977,all,50-54,2138761
1977,all,55-59,1782351
1977,all,60-64,1542689
1977,all,65-69,1409563
1977,all,70-74,1118236
1977,all,75-79,728337
1977,all,80-84,394017
1977,all,<1,658800
1977,female,1-4,1287197
1977,female,10-14,1615440
1977,female,15-19,1508401
1977,female,20-24,1327160
1977,female,25-29,1256066
1977,female,30-34,1178752
1977,female,35-39,986924
1977,female,40-44,1191792
1977,female,45-49,1184062
1977,female,5-9,1584047
1977,female,50-54,1093944
1977,female,55-59,943187
1977,female,60-64,849705
1977,female,65-69,787386
1977,female,70-74,648331
1977,female,75-79,444115
1977,female,80-84,253079
1977,female,<1,318746
1977,male,1-4,1365360
1977,male,10-14,1692445
1977,male,15-19,1552582
1977,male,20-24,1355592
1977,male,25-29,1275010
1977,male,30-34,1183819
1977,male,35-39,983186
1977,male,40-44,1162560
1977,male,45-49,1153803
1977,male,5-9,1671720
1977,male,50-54,1044816
1977,male,55-59,839165
1977,male,60-64,692983
1977,male,65-69,622177
1977,male,70-74,469906
1977,male,75-79,284220
1977,male,80-84,140938
1977,male,<1,340054
1978,all,1-4,2642993
1978,all,10-14,3327390
1978,all,15-19,3106049
1978,all,20-24,2740180
1978,all,25-29,2525433
1978,all,30-34,2429950
1978,all,35-39,2016418
1978,all,40-44,2258716
1978,all,45-49,2370833
1978,all,5-9,3267525
1978,all,50-54,2164239
1978,all,55-59,1865037
1978,all,60-64,1539588
1978,all,65-69,1425907
1978,all,70-74,1141615
1978,all,75-79,769610
1978,all,80-84,405562
1978,all,<1,641933
1978,female,1-4,1281639
1978,female,10-14,1623864
1978,female,15-19,1530902
1978,female,20-24,1354925
1978,female,25-29,1252385
1978,female,30-34,1212204
1978,female,35-39,1008189
1978,female,40-44,1143247
1978,female,45-49,1199529
1978,female,5-9,1588513
1978,female,50-54,1106391
1978,female,55-59,977757
1978,female,60-64,849771
1978,female,65-69,799114
1978,female,70-74,660945
1978,female,75-79,468287
1978,female,80-84,260244
1978,female,<1,311035
1978,male,1-4,1361355
1978,male,10-14,1703526
1978,male,15-19,1575147
1978,male,20-24,1385253
1978,male,25-29,1273047
1978,male,30-34,1217746
1978,male,35-39,1008229
1978,male,40-44,1115469
1978,male,45-49,1171305
1978,male,5-9,1679012
1978,male,50-54,1057849
1978,male,55-59,887279
1978,male,60-64,689818
1978,male,65-69,626794
1978,male,70-74,480670
1978,male,75-79,301324
1978,male,80-84,145319
1978,male,<1,330898
1979,all,1-4,2608014
1979,all,10-14,3316266
1979,all,15-19,3170446
1979,all,20-24,2813990
1979,all,25-29,2506590
1979,all,30-34,2468892
1979,all,35-39,2142216
1979,all,40-44,2125692
1979,all,45-49,2384546
1979,all,5-9,3288288
1979,all,50-54,2196502
1979,all,55-59,1946113
1979,all,60-64,1538807
1979,all,65-69,1439129
1979,all,70-74,1167107
1979,all,75-79,810835
1979,all,80-84,416104
1979,all,<1,614763
1979,female,1-4,1264007
1979,female,10-14,1616977
1979,female,15-19,1561741
1979,female,20-24,1391205
1979,female,25-29,1242391
1979,female,30-34,1232246
1979,female,35-39,1068606
1979,female,40-44,1076459
1979,female,45-49,1205944
1979,female,5-9,1596649
1979,female,50-54,1123057
1979,female,55-59,1011952
1979,female,60-64,849191
1979,female,65-69,809212
1979,female,70-74,674664
1979,female,75-79,493363
1979,female,80-84,266630
1979,female,<1,297663
1979,male,1-4,1344005
1979,male,10-14,1699288
1979,male,15-19,1608707
1979,male,20-24,1422784
1979,male,25-29,1264198
1979,male,30-34,1236646
1979,male,35-39,1073609
1979,male,40-44,1049233
1979,male,45-49,1178602
1979,male,5-9,1691639
1979,male,50-54,1073446
1979,male,55-59,934162
1979,male,60-64,689617
1979,male,65-69,629914
1979,male,70-74,492443
1979,male,75-79,317472
1979,male,80-84,149473
1979,male,<1,317100
1980,all,1-4,2543985
1980,all,10-14,3304314
1980,all,15-19,3234673
1980,all,20-24,2892639
1980,all,25-29,2518703
1980,all,30-34,2467489
1980,all,35-39,2224332
1980,all,40-44,2062959
1980,all,45-49,2374673
1980,all,5-9,3302938
1980,all,50-54,2233315
1980,all,55-59,2011285
1980,all,60-64,1560595
1980,all,65-69,1445967
1980,all,70-74,1195763
1980,all,75-79,841259
1980,all,80-84,440783
1980,all,<1,582436
1980,female,1-4,1232918
1980,female,10-14,1609676
1980,female,15-19,1587898
1980,female,20-24,1433496
1980,female,25-29,1248824
1980,female,30-34,1230972
1980,female,35-39,1108639
1980,female,40-44,1043792
1980,female,45-49,1200412
1980,female,5-9,1601904
1980,female,50-54,1140489
1980,female,55-59,1041064
1980,female,60-64,857992
1980,female,65-69,813686
1980,female,70-74,691421
1980,female,75-79,510885
1980,female,80-84,283593
1980,female,<1,283377
1980,male,1-4,1311068
1980,male,10-14,1694638
1980,male,15-19,1646775
1980,male,20-24,1459141
1980,male,25-29,1269878
1980,male,30-34,1236516
1980,male,35-39,1115693
1980,male,40-44,1019167
1980,male,45-49,1174260
1980,male,5-9,1701034
1980,male,50-54,1092825
1980,male,55-59,970221
1980,male,60-64,702604
1980,male,65-69,632282
1980,male,70-74,504341
1980,male,75-79,330374
1980,male,80-84,157189
1980,male,<1,299059
1981,all,1-4,2458708
1981,all,10-14,3294515
1981,all,15-19,3284676
1981,all,20-24,2967242
1981,all,25-29,2558403
1981,all,30-34,2461537
1981,all,35-39,2271907
1981,all,40-44,2020909
1981,all,45-49,2365652
1981,all,5-9,3308856
1981,all,50-54,2266200
1981,all,55-59,2053607
1981,all,60-64,1617529
1981,all,65-69,1442557
1981,all,70-74,1220074
1981,all,75-79,862474
1981,all,80-84,467545
1981,all,85-89,193637
1981,all,90-94,58870
1981,all,95+,14627
1981,all,<1,574934
1981,female,1-4,1192660
1981,female,10-14,1603529
1981,female,15-19,1606867
1981,female,20-24,1473237
1981,female,25-29,1268956
1981,female,30-34,1226589
1981,female,35-39,1133824
1981,female,40-44,1017557
1981,female,45-49,1198486
1981,female,5-9,1604587
1981,female,50-54,1155956
1981,female,55-59,1062038
1981,female,60-64,880776
1981,female,65-69,813172
1981,female,70-74,706085
1981,female,75-79,523390
1981,female,80-84,301402
1981,female,85-89,131214
1981,female,90-94,41922
1981,female,95+,10952
1981,female,<1,278386
1981,male,1-4,1266048
1981,male,10-14,1690987
1981,male,15-19,1677808
1981,male,20-24,1494005
1981,male,25-29,1289448
1981,male,30-34,1234946
1981,male,35-39,1138083
1981,male,40-44,1003352
1981,male,45-49,1167164
1981,male,5-9,1704269
1981,male,50-54,1110244
1981,male,55-59,991569
1981,male,60-64,736753
1981,male,65-69,629384
1981,male,70-74,513990
1981,male,75-79,339085
1981,male,80-84,166144
1981,male,85-89,62424
1981,male,90-94,16948
1981,male,95+,3674
1981,male,<1,296547
1982,all,1-4,2372007
1982,all,10-14,3281645
1982,all,15-19,3315525
1982,all,20-24,3023638
1982,all,25-29,2619101
1982,all,30-34,2478892
1982,all,35-39,2347330
1982,all,40-44,1962114
1982,all,45-49,2331691
1982,all,5-9,3299959
1982,all,50-54,2297448
1982,all,55-59,2081081
1982,all,60-64,1697673
1982,all,65-69,1434372
1982,all,70-74,1242488
1982,all,75-79,890377
1982,all,80-84,497861
1982,all,85-89,204971
1982,all,90-94,62180
1982,all,95+,15269
1982,all,<1,531486
1982,female,1-4,1150302
1982,female,10-14,1596639
1982,female,15-19,1620698
1982,female,20-24,1498839
1982,female,25-29,1299483
1982,female,30-34,1234080
1982,female,35-39,1172835
1982,female,40-44,983807
1982,female,45-49,1184189
1982,female,5-9,1601550
1982,female,50-54,1170569
1982,female,55-59,1075759
1982,female,60-64,914133
1982,female,65-69,810285
1982,female,70-74,719528
1982,female,75-79,540394
1982,female,80-84,319775
1982,female,85-89,138720
1982,female,90-94,44299
1982,female,95+,11397
1982,female,<1,255345
1982,male,1-4,1221703
1982,male,10-14,1685005
1982,male,15-19,1694828
1982,male,20-24,1524801
1982,male,25-29,1319617
1982,male,30-34,1244813
1982,male,35-39,1174494
1982,male,40-44,978308
1982,male,45-49,1147502
1982,male,5-9,1698409
1982,male,50-54,1126879
1982,male,55-59,1005321
1982,male,60-64,783540
1982,male,65-69,624087
1982,male,70-74,522961
1982,male,75-79,349985
1982,male,80-84,178086
1982,male,85-89,66251
1982,male,90-94,17882
1982,male,95+,3868
1982,male,<1,276141
1983,all,1-4,2272468
1983,all,10-14,3284959
1983,all,15-19,3320338
1983,all,20-24,3068302
1983,all,25-29,2691958
1983,all,30-34,2477150
1983,all,35-39,2409413
1983,all,40-44,2003545
1983,all,45-49,2232979
1983,all,5-9,3271346
1983,all,50-54,2328254
1983,all,55-59,2106181
1983,all,60-64,1780431
1983,all,65-69,1429181
1983,all,70-74,1257390
1983,all,75-79,912745
1983,all,80-84,527224
1983,all,85-89,211348
1983,all,90-94,63327
1983,all,95+,15539
1983,all,<1,496183
1983,female,1-4,1100757
1983,female,10-14,1597556
1983,female,15-19,1622574
1983,female,20-24,1518695
1983,female,25-29,1335732
1983,female,30-34,1231603
1983,female,35-39,1204527
1983,female,40-44,1003365
1983,female,45-49,1134164
1983,female,5-9,1588507
1983,female,50-54,1185528
1983,female,55-59,1088097
1983,female,60-64,949627
1983,female,65-69,808585
1983,female,70-74,730046
1983,female,75-79,553357
1983,female,80-84,337974
1983,female,85-89,143213
1983,female,90-94,45280
1983,female,95+,11507
1983,female,<1,239257
1983,male,1-4,1171710
1983,male,10-14,1687403
1983,male,15-19,1697764
1983,male,20-24,1549606
1983,male,25-29,1356226
1983,male,30-34,1245547
1983,male,35-39,1204886
1983,male,40-44,1000178
1983,male,45-49,1098815
1983,male,5-9,1682839
1983,male,50-54,1142726
1983,male,55-59,1018084
1983,male,60-64,830806
1983,male,65-69,620596
1983,male,70-74,527344
1983,male,75-79,359391
1983,male,80-84,189251
1983,male,85-89,68133
1983,male,90-94,18048
1983,male,95+,4030
1983,male,<1,256926
1984,all,1-4,2161731
1984,all,10-14,3298663
1984,all,15-19,3298532
1984,all,20-24,3123980
1984,all,25-29,2774332
1984,all,30-34,2468887
1984,all,35-39,2445588
1984,all,40-44,2124147
1984,all,45-49,2097789
1984,all,5-9,3219274
1984,all,50-54,2338354
1984,all,55-59,2137300
1984,all,60-64,1861515
1984,all,65-69,1429465
1984,all,70-74,1270368
1984,all,75-79,938524
1984,all,80-84,558804
1984,all,85-89,219723
1984,all,90-94,65091
1984,all,95+,16556
1984,all,<1,476620
1984,female,1-4,1046297
1984,female,10-14,1603648
1984,female,15-19,1611259
1984,female,20-24,1543188
1984,female,25-29,1376724
1984,female,30-34,1226763
1984,female,35-39,1223432
1984,female,40-44,1062122
1984,female,45-49,1066325
1984,female,5-9,1564342
1984,female,50-54,1190154
1984,female,55-59,1104122
1984,female,60-64,985046
1984,female,65-69,808156
1984,female,70-74,739399
1984,female,75-79,568041
1984,female,80-84,358272
1984,female,85-89,148863
1984,female,90-94,46837
1984,female,95+,12129
1984,female,<1,229545
1984,male,1-4,1115434
1984,male,10-14,1695015
1984,male,15-19,1687270
1984,male,20-24,1580793
1984,male,25-29,1397608
1984,male,30-34,1242125
1984,male,35-39,1222156
1984,male,40-44,1062025
1984,male,45-49,1031464
1984,male,5-9,1654931
1984,male,50-54,1148201
1984,male,55-59,1033177
1984,male,60-64,876469
1984,male,65-69,621310
1984,male,70-74,530969
1984,male,75-79,370483
1984,male,80-84,200532
1984,male,85-89,70859
1984,male,90-94,18254
1984,male,95+,4429
1984,male,<1,247075
1985,all,1-4,2056593
1985,all,10-14,3314918
1985,all,15-19,3278858
1985,all,20-24,3171559
1985,all,25-29,2856887
1985,all,30-34,2494744
1985,all,35-39,2444432
1985,all,40-44,2202985
1985,all,45-49,2030815
1985,all,5-9,3135760
1985,all,50-54,2325102
1985,all,55-59,2171236
1985,all,60-64,1926508
1985,all,65-69,1451250
1985,all,70-74,1276034
1985,all,75-79,964029
1985,all,80-84,582369
1985,all,85-89,235288
1985,all,90-94,67181
1985,all,95+,17654
1985,all,<1,462822
1985,female,1-4,994352
1985,female,10-14,1612052
1985,female,15-19,1600755
1985,female,20-24,1561576
1985,female,25-29,1419308
1985,female,30-34,1240188
1985,female,35-39,1222211
1985,female,40-44,1101547
1985,female,45-49,1031736
1985,female,5-9,1525051
1985,female,50-54,1183338
1985,female,55-59,1120625
1985,female,60-64,1015052
1985,female,65-69,817346
1985,female,70-74,743450
1985,female,75-79,583480
1985,female,80-84,373419
1985,female,85-89,160117
1985,female,90-94,48433
1985,female,95+,12878
1985,female,<1,223230
1985,male,1-4,1062241
1985,male,10-14,1702865
1985,male,15-19,1678103
1985,male,20-24,1609980
1985,male,25-29,1437579
1985,male,30-34,1254556
1985,male,35-39,1222222
1985,male,40-44,1101437
1985,male,45-49,999079
1985,male,5-9,1610709
1985,male,50-54,1141764
1985,male,55-59,1050612
1985,male,60-64,911456
1985,male,65-69,633905
1985,male,70-74,532584
1985,male,75-79,380549
1985,male,80-84,208948
1985,male,85-89,75171
1985,male,90-94,18748
1985,male,95+,4775
1985,male,<1,239591
1986,all,1-4,1961058
1986,all,10-14,3327003
1986,all,15-19,3272221
1986,all,20-24,3205828
1986,all,25-29,2927664
1986,all,30-34,2543875
1986,all,35-39,2440120
1986,all,40-44,2249228
1986,all,45-49,1986728
1986,all,5-9,3028655
1986,all,50-54,2313217
1986,all,55-59,2201295
1986,all,60-64,1969164
1986,all,65-69,1507950
1986,all,70-74,1273484
1986,all,75-79,985559
1986,all,80-84,599784
1986,all,85-89,252977
1986,all,90-94,69953
1986,all,95+,17619
1986,all,<1,438556
1986,female,1-4,948430
1986,female,10-14,1619544
1986,female,15-19,1596439
1986,female,20-24,1574682
1986,female,25-29,1454862
1986,female,30-34,1265380
1986,female,35-39,1218509
1986,female,40-44,1126549
1986,female,45-49,1005248
1986,female,5-9,1473003
1986,female,50-54,1179816
1986,female,55-59,1134965
1986,female,60-64,1036287
1986,female,65-69,841436
1986,female,70-74,742844
1986,female,75-79,597057
1986,female,80-84,384322
1986,female,85-89,172323
1986,female,90-94,50226
1986,female,95+,12857
1986,female,<1,211983
1986,male,1-4,1012629
1986,male,10-14,1707460
1986,male,15-19,1675782
1986,male,20-24,1631148
1986,male,25-29,1472802
1986,male,30-34,1278495
1986,male,35-39,1221610
1986,male,40-44,1122678
1986,male,45-49,981480
1986,male,5-9,1555652
1986,male,50-54,1133402
1986,male,55-59,1066330
1986,male,60-64,932877
1986,male,65-69,666513
1986,male,70-74,530641
1986,male,75-79,388503
1986,male,80-84,215462
1986,male,85-89,80653
1986,male,90-94,19728
1986,male,95+,4762
1986,male,<1,226574
1987,all,1-4,1873520
1987,all,10-14,3320110
1987,all,15-19,3273529
1987,all,20-24,3238375
1987,all,25-29,2973973
1987,all,30-34,2601100
1987,all,35-39,2458438
1987,all,40-44,2323496
1987,all,45-49,1929931
1987,all,5-9,2906521
1987,all,50-54,2278785
1987,all,55-59,2230196
1987,all,60-64,1996174
1987,all,65-69,1585747
1987,all,70-74,1270149
1987,all,75-79,1008687
1987,all,80-84,621903
1987,all,85-89,272718
1987,all,90-94,75055
1987,all,95+,17785
1987,all,<1,426128
1987,female,1-4,907625
1987,female,10-14,1617946
1987,female,15-19,1596044
1987,female,20-24,1589435
1987,female,25-29,1476096
1987,female,30-34,1294684
1987,female,35-39,1226610
1987,female,40-44,1164876
1987,female,45-49,972991
1987,female,5-9,1412954
1987,female,50-54,1164882
1987,female,55-59,1148832
1987,female,60-64,1049881
1987,female,65-69,875435
1987,female,70-74,741889
1987,female,75-79,611155
1987,female,80-84,398223
1987,female,85-89,185031
1987,female,90-94,53820
1987,female,95+,13000
1987,female,<1,206204
1987,male,1-4,965895
1987,male,10-14,1702162
1987,male,15-19,1677486
1987,male,20-24,1648938
1987,male,25-29,1497877
1987,male,30-34,1306414
1987,male,35-39,1231828
1987,male,40-44,1158619
1987,male,45-49,956942
1987,male,5-9,1493567
1987,male,50-54,1113902
1987,male,55-59,1081366
1987,male,60-64,946294
1987,male,65-69,710311
1987,male,70-74,528260
1987,male,75-79,397532
1987,male,80-84,223679
1987,male,85-89,87689
1987,male,90-94,21233
1987,male,95+,4786
1987,male,<1,219924
1988,all,1-4,1797790
1988,all,10-14,3293178
1988,all,15-19,3284971
1988,all,20-24,3252451
1988,all,25-29,3008563
1988,all,30-34,2667220
1988,all,35-39,2459676
1988,all,40-44,2383966
1988,all,45-49,1971581
1988,all,5-9,2772459
1988,all,50-54,2182098
1988,all,55-59,2259474
1988,all,60-64,2019690
1988,all,65-69,1665755
1988,all,70-74,1270919
1988,all,75-79,1027560
1988,all,80-84,642540
1988,all,85-89,293877
1988,all,90-94,79627
1988,all,95+,17970
1988,all,<1,412941
1988,female,1-4,871994
1988,female,10-14,1605615
1988,female,15-19,1601257
1988,female,20-24,1595926
1988,female,25-29,1491284
1988,female,30-34,1328151
1988,female,35-39,1226273
1988,female,40-44,1195725
1988,female,45-49,992526
1988,female,5-9,1348316
1988,female,50-54,1115962
1988,female,55-59,1163250
1988,female,60-64,1061131
1988,female,65-69,911247
1988,female,70-74,743290
1988,female,75-79,624014
1988,female,80-84,410654
1988,female,85-89,198985
1988,female,90-94,57012
1988,female,95+,13272
1988,female,<1,199730
1988,male,1-4,925796
1988,male,10-14,1687564
1988,male,15-19,1683712
1988,male,20-24,1656526
1988,male,25-29,1517278
1988,male,30-34,1339069
1988,male,35-39,1233402
1988,male,40-44,1188240
1988,male,45-49,979055
1988,male,5-9,1424141
1988,male,50-54,1066136
1988,male,55-59,1096226
1988,male,60-64,958561
1988,male,65-69,754510
1988,male,70-74,527628
1988,male,75-79,403544
1988,male,80-84,231884
1988,male,85-89,94889
1988,male,90-94,22615
1988,male,95+,4698
1988,male,<1,213211
1989,all,1-4,1727843
1989,all,10-14,3242857
1989,all,15-19,3304249
1989,all,20-24,3242852
1989,all,25-29,3054193
1989,all,30-34,2742948
1989,all,35-39,2452320
1989,all,40-44,2419923
1989,all,45-49,2091529
1989,all,5-9,2639509
1989,all,50-54,2049086
1989,all,55-59,2267392
1989,all,60-64,2048777
1989,all,65-69,1743347
1989,all,70-74,1275539
1989,all,75-79,1041511
1989,all,80-84,662128
1989,all,85-89,311747
1989,all,90-94,82823
1989,all,95+,18064
1989,all,<1,402740
1989,female,1-4,838917
1989,female,10-14,1581530
1989,female,15-19,1611486
1989,female,20-24,1590674
1989,female,25-29,1511758
1989,female,30-34,1366015
1989,female,35-39,1222272
1989,female,40-44,1214412
1989,female,45-49,1051351
1989,female,5-9,1284236
1989,female,50-54,1048943
1989,female,55-59,1167024
1989,female,60-64,1076142
1989,female,65-69,946639
1989,female,70-74,745469
1989,female,75-79,633909
1989,female,80-84,422125
1989,female,85-89,211466
1989,female,90-94,59189
1989,female,95+,13499
1989,female,<1,194850
1989,male,1-4,888926
1989,male,10-14,1661328
1989,male,15-19,1692764
1989,male,20-24,1652177
1989,male,25-29,1542434
1989,male,30-34,1376932
1989,male,35-39,1230049
1989,male,40-44,1205512
1989,male,45-49,1040179
1989,male,5-9,1355275
1989,male,50-54,1000144
1989,male,55-59,1100368
1989,male,60-64,972634
1989,male,65-69,796708
1989,male,70-74,530068
1989,male,75-79,407604
1989,male,80-84,240003
1989,male,85-89,100281
1989,male,90-94,23633
1989,male,95+,4565
1989,male,<1,207889
1990,all,1-4,1660528
1990,all,10-14,3156828
1990,all,15-19,3325882
1990,all,20-24,3234820
1990,all,25-29,3093005
1990,all,30-34,2820544
1990,all,35-39,2477051
1990,all,40-44,2418233
1990,all,45-49,2170905
1990,all,5-9,2517430
1990,all,50-54,1982984
1990,all,55-59,2253462
1990,all,60-64,2081111
1990,all,65-69,1805998
1990,all,70-74,1300282
1990,all,75-79,1049814
1990,all,80-84,684127
1990,all,85-89,326168
1990,all,90-94,90281
1990,all,95+,19001
1990,all,<1,392381
1990,female,1-4,807224
1990,female,10-14,1540085
1990,female,15-19,1623585
1990,female,20-24,1585685
1990,female,25-29,1528858
1990,female,30-34,1404700
1990,female,35-39,1235440
1990,female,40-44,1212964
1990,female,45-49,1091411
1990,female,5-9,1225504
1990,female,50-54,1014593
1990,female,55-59,1159836
1990,female,60-64,1092029
1990,female,65-69,976306
1990,female,70-74,757226
1990,female,75-79,639760
1990,female,80-84,436212
1990,female,85-89,221416
1990,female,90-94,64796
1990,female,95+,14255
1990,female,<1,190469
1990,male,1-4,853302
1990,male,10-14,1616743
1990,male,15-19,1702295
1990,male,20-24,1649133
1990,male,25-29,1564149
1990,male,30-34,1415845
1990,male,35-39,1241609
1990,male,40-44,1205269
1990,male,45-49,1079493
1990,male,5-9,1291925
1990,male,50-54,968390
1990,male,55-59,1093627
1990,male,60-64,989081
1990,male,65-69,829690
1990,male,70-74,543055
1990,male,75-79,410054
1990,male,80-84,247915
1990,male,85-89,104751
1990,male,90-94,25486
1990,male,95+,4745
1990,male,<1,201912
1991,all,1-4,1613984
1991,all,10-14,3046482
1991,all,15-19,3346585
1991,all,20-24,3248374
1991,all,25-29,3131963
1991,all,30-34,2890619
1991,all,35-39,2528590
1991,all,40-44,2415443
1991,all,45-49,2219939
1991,all,5-9,2401556
1991,all,50-54,1942805
1991,all,55-59,2243524
1991,all,60-64,2109657
1991,all,65-69,1847670
1991,all,70-74,1354916
1991,all,75-79,1052103
1991,all,80-84,704339
1991,all,85-89,338269
1991,all,90-94,98098
1991,all,95+,20291
1991,all,<1,386412
1991,female,1-4,785216
1991,female,10-14,1485993
1991,female,15-19,1635441
1991,female,20-24,1590988
1991,female,25-29,1546483
1991,female,30-34,1439036
1991,female,35-39,1262377
1991,female,40-44,1210212
1991,female,45-49,1117624
1991,female,5-9,1170292
1991,female,50-54,990425
1991,female,55-59,1156611
1991,female,60-64,1105838
1991,female,65-69,997364
1991,female,70-74,782285
1991,female,75-79,641682
1991,female,80-84,449702
1991,female,85-89,229378
1991,female,90-94,70456
1991,female,95+,15270
1991,female,<1,187647
1991,male,1-4,828769
1991,male,10-14,1560489
1991,male,15-19,1711144
1991,male,20-24,1657385
1991,male,25-29,1585478
1991,male,30-34,1451583
1991,male,35-39,1266214
1991,male,40-44,1205231
1991,male,45-49,1102318
1991,male,5-9,1231265
1991,male,50-54,952383
1991,male,55-59,1086913
1991,male,60-64,1003820
1991,male,65-69,850306
1991,male,70-74,572631
1991,male,75-79,410422
1991,male,80-84,254637
1991,male,85-89,108891
1991,male,90-94,27643
1991,male,95+,5019
1991,male,<1,198766
1992,all,1-4,1594443
1992,all,10-14,2934910
1992,all,15-19,3354589
1992,all,20-24,3277581
1992,all,25-29,3195794
1992,all,30-34,2950640
1992,all,35-39,2595347
1992,all,40-44,2444333
1992,all,45-49,2299877
1992,all,5-9,2301289
1992,all,50-54,1895214
1992,all,55-59,2216129
1992,all,60-64,2140024
1992,all,65-69,1872828
1992,all,70-74,1425598
1992,all,75-79,1053489
1992,all,80-84,726001
1992,all,85-89,352362
1992,all,90-94,106588
1992,all,95+,20374
1992,all,<1,390537
1992,female,1-4,774766
1992,female,10-14,1430968
1992,female,15-19,1639850
1992,female,20-24,1603508
1992,female,25-29,1576484
1992,female,30-34,1468274
1992,female,35-39,1296497
1992,female,40-44,1223514
1992,female,45-49,1158545
1992,female,5-9,1121535
1992,female,50-54,962677
1992,female,55-59,1144473
1992,female,60-64,1120841
1992,female,65-69,1009977
1992,female,70-74,814725
1992,female,75-79,643349
1992,female,80-84,464175
1992,female,85-89,238814
1992,female,90-94,76232
1992,female,95+,15357
1992,female,<1,188929
1992,male,1-4,819677
1992,male,10-14,1503940
1992,male,15-19,1714739
1992,male,20-24,1674074
1992,male,25-29,1619310
1992,male,30-34,1482367
1992,male,35-39,1298848
1992,male,40-44,1220819
1992,male,45-49,1141330
1992,male,5-9,1179754
1992,male,50-54,932536
1992,male,55-59,1071657
1992,male,60-64,1019183
1992,male,65-69,862850
1992,male,70-74,610873
1992,male,75-79,410139
1992,male,80-84,261825
1992,male,85-89,113548
1992,male,90-94,30356
1992,male,95+,5016
1992,male,<1,201609
1993,all,1-4,1586853
1993,all,10-14,2812032
1993,all,15-19,3344191
1993,all,20-24,3308062
1993,all,25-29,3244642
1993,all,30-34,3004102
1993,all,35-39,2672676
1993,all,40-44,2457676
1993,all,45-49,2367262
1993,all,5-9,2216309
1993,all,50-54,1943718
1993,all,55-59,2130150
1993,all,60-64,2173338
1993,all,65-69,1895560
1993,all,70-74,1498853
1993,all,75-79,1058695
1993,all,80-84,746488
1993,all,85-89,367983
1993,all,90-94,116267
1993,all,95+,20600
1993,all,<1,390629
1993,female,1-4,770399
1993,female,10-14,1371296
1993,female,15-19,1633817
1993,female,20-24,1617437
1993,female,25-29,1599577
1993,female,30-34,1493687
1993,female,35-39,1335737
1993,female,40-44,1229365
1993,female,45-49,1192614
1993,female,5-9,1079465
1993,female,50-54,985236
1993,female,55-59,1100235
1993,female,60-64,1137298
1993,female,65-69,1020764
1993,female,70-74,849263
1993,female,75-79,647302
1993,female,80-84,478408
1993,female,85-89,248877
1993,female,90-94,83228
1993,female,95+,15527
1993,female,<1,189081
1993,male,1-4,816453
1993,male,10-14,1440736
1993,male,15-19,1710374
1993,male,20-24,1690625
1993,male,25-29,1645064
1993,male,30-34,1510415
1993,male,35-39,1336939
1993,male,40-44,1228311
1993,male,45-49,1174649
1993,male,5-9,1136842
1993,male,50-54,958484
1993,male,55-59,1029915
1993,male,60-64,1036039
1993,male,65-69,874794
1993,male,70-74,649590
1993,male,75-79,411391
1993,male,80-84,268080
1993,male,85-89,119107
1993,male,90-94,33038
1993,male,95+,5074
1993,male,<1,201547
1994,all,1-4,1579968
1994,all,10-14,2686623
1994,all,15-19,3309609
1994,all,20-24,3343893
1994,all,25-29,3265971
1994,all,30-34,3073488
1994,all,35-39,2764403
1994,all,40-44,2461736
1994,all,45-49,2412171
1994,all,5-9,2147501
1994,all,50-54,2069784
1994,all,55-59,2007795
1994,all,60-64,2188309
1994,all,65-69,1926014
1994,all,70-74,1569977
1994,all,75-79,1066807
1994,all,80-84,763354
1994,all,85-89,385379
1994,all,90-94,125542
1994,all,95+,20658
1994,all,<1,378370
1994,female,1-4,766583
1994,female,10-14,1309902
1994,female,15-19,1615713
1994,female,20-24,1634972
1994,female,25-29,1608688
1994,female,30-34,1526665
1994,female,35-39,1381379
1994,female,40-44,1230830
1994,female,45-49,1215482
1994,female,5-9,1045342
1994,female,50-54,1047331
1994,female,55-59,1037515
1994,female,60-64,1144044
1994,female,65-69,1036568
1994,female,70-74,882820
1994,female,75-79,651676
1994,female,80-84,490467
1994,female,85-89,260093
1994,female,90-94,90006
1994,female,95+,15601
1994,female,<1,182964
1994,male,1-4,813385
1994,male,10-14,1376721
1994,male,15-19,1693897
1994,male,20-24,1708922
1994,male,25-29,1657281
1994,male,30-34,1546823
1994,male,35-39,1383024
1994,male,40-44,1230906
1994,male,45-49,1196688
1994,male,5-9,1102159
1994,male,50-54,1022455
1994,male,55-59,970280
1994,male,60-64,1044263
1994,male,65-69,889446
1994,male,70-74,687157
1994,male,75-79,415128
1994,male,80-84,272888
1994,male,85-89,125286
1994,male,90-94,35538
1994,male,95+,5059
1994,male,<1,195406
1995,all,1-4,1560982
1995,all,10-14,2569397
1995,all,15-19,3238016
1995,all,20-24,3382295
1995,all,25-29,3282275
1995,all,30-34,3139952
1995,all,35-39,2861871
1995,all,40-44,2499138
1995,all,45-49,2420469
1995,all,5-9,2094143
1995,all,50-54,2156033
1995,all,55-59,1950433
1995,all,60-64,2184192
1995,all,65-69,1961728
1995,all,70-74,1627660
1995,all,75-79,1091450
1995,all,80-84,775354
1995,all,85-89,403602
1995,all,90-94,133808
1995,all,95+,22053
1995,all,<1,364040
1995,female,1-4,756844
1995,female,10-14,1252002
1995,female,15-19,1580280
1995,female,20-24,1653774
1995,female,25-29,1614490
1995,female,30-34,1558491
1995,female,35-39,1429706
1995,female,40-44,1249993
1995,female,45-49,1218844
1995,female,5-9,1019073
1995,female,50-54,1090526
1995,female,55-59,1007018
1995,female,60-64,1140827
1995,female,65-69,1054139
1995,female,70-74,911060
1995,female,75-79,664318
1995,female,80-84,498741
1995,female,85-89,272743
1995,female,90-94,96080
1995,female,95+,16667
1995,female,<1,176368
1995,male,1-4,804139
1995,male,10-14,1317395
1995,male,15-19,1657736
1995,male,20-24,1728522
1995,male,25-29,1667783
1995,male,30-34,1581461
1995,male,35-39,1432165
1995,male,40-44,1249146
1995,male,45-49,1201625
1995,male,5-9,1075070
1995,male,50-54,1065507
1995,male,55-59,943417
1995,male,60-64,1043365
1995,male,65-69,907590
1995,male,70-74,716598
1995,male,75-79,427132
1995,male,80-84,276613
1995,male,85-89,130860
1995,male,90-94,37729
1995,male,95+,5385
1995,male,<1,187672
1996,all,1-4,1533730
1996,all,10-14,2455578
1996,all,15-19,3137273
1996,all,20-24,3416451
1996,all,25-29,3308301
1996,all,30-34,3198426
1996,all,35-39,2947322
1996,all,40-44,2562065
1996,all,45-49,2425627
1996,all,5-9,2058397
1996,all,50-54,2209836
1996,all,55-59,1917590
1996,all,60-64,2181367
1996,all,65-69,1995009
1996,all,70-74,1668778
1996,all,75-79,1140060
1996,all,80-84,781570
1996,all,85-89,420538
1996,all,90-94,141230
1996,all,95+,24208
1996,all,<1,360902
1996,female,1-4,743780
1996,female,10-14,1196382
1996,female,15-19,1530555
1996,female,20-24,1670626
1996,female,25-29,1624955
1996,female,30-34,1585845
1996,female,35-39,1472282
1996,female,40-44,1282306
1996,female,45-49,1220019
1996,female,5-9,1000901
1996,female,50-54,1118985
1996,female,55-59,986472
1996,female,60-64,1140436
1996,female,65-69,1070329
1996,female,70-74,932185
1996,female,75-79,688031
1996,female,80-84,503080
1996,female,85-89,284709
1996,female,90-94,101424
1996,female,95+,18196
1996,female,<1,175056
1996,male,1-4,789949
1996,male,10-14,1259197
1996,male,15-19,1606721
1996,male,20-24,1745827
1996,male,25-29,1683344
1996,male,30-34,1612582
1996,male,35-39,1475040
1996,male,40-44,1279760
1996,male,45-49,1205610
1996,male,5-9,1057498
1996,male,50-54,1090851
1996,male,55-59,931119
1996,male,60-64,1040931
1996,male,65-69,924680
1996,male,70-74,736595
1996,male,75-79,452029
1996,male,80-84,278491
1996,male,85-89,135831
1996,male,90-94,39808
1996,male,95+,6011
1996,male,<1,185846
1997,all,1-4,1501219
1997,all,10-14,2353014
1997,all,15-19,3019891
1997,all,20-24,3432084
1997,all,25-29,3336071
1997,all,30-34,3261396
1997,all,35-39,3010382
1997,all,40-44,2632962
1997,all,45-49,2456784
1997,all,5-9,2037128
1997,all,50-54,2290619
1997,all,55-59,1872567
1997,all,60-64,2156870
1997,all,65-69,2029213
1997,all,70-74,1696820
1997,all,75-79,1202539
1997,all,80-84,784682
1997,all,85-89,435993
1997,all,90-94,148246
1997,all,95+,26756
1997,all,<1,364743
1997,female,1-4,728558
1997,female,10-14,1146250
1997,female,15-19,1473007
1997,female,20-24,1677983
1997,female,25-29,1636294
1997,female,30-34,1615225
1997,female,35-39,1503395
1997,female,40-44,1318673
1997,female,45-49,1234477
1997,female,5-9,989896
1997,female,50-54,1160656
1997,female,55-59,959944
1997,female,60-64,1129018
1997,female,65-69,1087049
1997,female,70-74,946615
1997,female,75-79,718870
1997,female,80-84,505729
1997,female,85-89,295722
1997,female,90-94,106531
1997,female,95+,20120
1997,female,<1,177114
1997,male,1-4,772663
1997,male,10-14,1206762
1997,male,15-19,1546883
1997,male,20-24,1754101
1997,male,25-29,1699777
1997,male,30-34,1646170
1997,male,35-39,1506988
1997,male,40-44,1314288
1997,male,45-49,1222306
1997,male,5-9,1047232
1997,male,50-54,1129961
1997,male,55-59,912622
1997,male,60-64,1027853
1997,male,65-69,942163
1997,male,70-74,750206
1997,male,75-79,483669
1997,male,80-84,278954
1997,male,85-89,140271
1997,male,90-94,41715
1997,male,95+,6637
1997,male,<1,187629
1998,all,1-4,1474865
1998,all,10-14,2269359
1998,all,15-19,2888183
1998,all,20-24,3428158
1998,all,25-29,3366545
1998,all,30-34,3309975
1998,all,35-39,3067047
1998,all,40-44,2714676
1998,all,45-49,2473340
1998,all,5-9,2019123
1998,all,50-54,2359455
1998,all,55-59,1920565
1998,all,60-64,2075910
1998,all,65-69,2065807
1998,all,70-74,1723489
1998,all,75-79,1267297
1998,all,80-84,790593
1998,all,85-89,449908
1998,all,90-94,155943
1998,all,95+,29749
1998,all,<1,364080
1998,female,1-4,716264
1998,female,10-14,1104713
1998,female,15-19,1409202
1998,female,20-24,1675037
1998,female,25-29,1649335
1998,female,30-34,1637798
1998,female,35-39,1530275
1998,female,40-44,1360463
1998,female,45-49,1241673
1998,female,5-9,981116
1998,female,50-54,1195788
1998,female,55-59,982436
1998,female,60-64,1086719
1998,female,65-69,1104870
1998,female,70-74,959862
1998,female,75-79,751629
1998,female,80-84,510433
1998,female,85-89,306129
1998,female,90-94,111973
1998,female,95+,22541
1998,female,<1,176015
1998,male,1-4,758600
1998,male,10-14,1164646
1998,male,15-19,1478981
1998,male,20-24,1753120
1998,male,25-29,1717210
1998,male,30-34,1672176
1998,male,35-39,1536770
1998,male,40-44,1354212
1998,male,45-49,1231667
1998,male,5-9,1038007
1998,male,50-54,1163667
1998,male,55-59,938129
1998,male,60-64,989193
1998,male,65-69,960939
1998,male,70-74,763627
1998,male,75-79,515666
1998,male,80-84,280161
1998,male,85-89,143782
1998,male,90-94,43969
1998,male,95+,7209
1998,male,<1,188065
1999,all,1-4,1465097
1999,all,10-14,2204366
1999,all,15-19,2753522
1999,all,20-24,3395711
1999,all,25-29,3404636
1999,all,30-34,3330612
1999,all,35-39,3139233
1999,all,40-44,2811117
1999,all,45-49,2480114
1999,all,5-9,1989934
1999,all,50-54,2406548
1999,all,55-59,2045420
1999,all,60-64,1958060
1999,all,65-69,2083762
1999,all,70-74,1756199
1999,all,75-79,1328624
1999,all,80-84,795719
1999,all,85-89,458280
1999,all,90-94,162249
1999,all,95+,32151
1999,all,<1,368312
1999,female,1-4,711750
1999,female,10-14,1072582
1999,female,15-19,1343197
1999,female,20-24,1658341
1999,female,25-29,1667028
1999,female,30-34,1645888
1999,female,35-39,1564620
1999,female,40-44,1408734
1999,female,45-49,1244405
1999,female,5-9,966985
1999,female,50-54,1219813
1999,female,55-59,1044556
1999,female,60-64,1025771
1999,female,65-69,1113118
1999,female,70-74,977123
1999,female,75-79,782653
1999,female,80-84,513779
1999,female,85-89,313012
1999,female,90-94,116341
1999,female,95+,24492
1999,female,<1,178337
1999,male,1-4,753346
1999,male,10-14,1131784
1999,male,15-19,1410324
1999,male,20-24,1737372
1999,male,25-29,1737607
1999,male,30-34,1684723
1999,male,35-39,1574612
1999,male,40-44,1402383
1999,male,45-49,1235709
1999,male,5-9,1022949
1999,male,50-54,1186735
1999,male,55-59,1000863
1999,male,60-64,932289
1999,male,65-69,970644
1999,male,70-74,779076
1999,male,75-79,545970
1999,male,80-84,281940
1999,male,85-89,145268
1999,male,90-94,45909
1999,male,95+,7660
1999,male,<1,189974
2000,all,1-4,1473376
2000,all,10-14,2152901
2000,all,15-19,2627575
2000,all,20-24,3325206
2000,all,25-29,3447044
2000,all,30-34,3345294
2000,all,35-39,3208115
2000,all,40-44,2913290
2000,all,45-49,2521261
2000,all,5-9,1953978
2000,all,50-54,2417614
2000,all,55-59,2131111
2000,all,60-64,1903022
2000,all,65-69,2084685
2000,all,70-74,1794689
2000,all,75-79,1381450
2000,all,80-84,816297
2000,all,85-89,466032
2000,all,90-94,170618
2000,all,95+,36061
2000,all,<1,384769
2000,female,1-4,716157
2000,female,10-14,1047377
2000,female,15-19,1280803
2000,female,20-24,1623925
2000,female,25-29,1687139
2000,female,30-34,1650004
2000,female,35-39,1597503
2000,female,40-44,1459473
2000,female,45-49,1265310
2000,female,5-9,949727
2000,female,50-54,1224471
2000,female,55-59,1088096
2000,female,60-64,996223
2000,female,65-69,1112269
2000,female,70-74,996561
2000,female,75-79,810091
2000,female,80-84,525308
2000,female,85-89,318621
2000,female,90-94,122640
2000,female,95+,27402
2000,female,<1,186652
2000,male,1-4,757221
2000,male,10-14,1105524
2000,male,15-19,1346770
2000,male,20-24,1701281
2000,male,25-29,1759905
2000,male,30-34,1695291
2000,male,35-39,1610610
2000,male,40-44,1453816
2000,male,45-49,1255952
2000,male,5-9,1004252
2000,male,50-54,1193144
2000,male,55-59,1043014
2000,male,60-64,906799
2000,male,65-69,972416
2000,male,70-74,798128
2000,male,75-79,571359
2000,male,80-84,290989
2000,male,85-89,147412
2000,male,90-94,47978
2000,male,95+,8659
2000,male,<1,198117
2001,all,1-4,1501021
2001,all,10-14,2114108
2001,all,15-19,2508192
2001,all,20-24,3224570
2001,all,25-29,3486319
2001,all,30-34,3369854
2001,all,35-39,3267965
2001,all,40-44,3003328
2001,all,45-49,2588868
2001,all,5-9,1919208
2001,all,50-54,2425263
2001,all,55-59,2185661
2001,all,60-64,1874124
2001,all,65-69,2086193
2001,all,70-74,1832582
2001,all,75-79,1424594
2001,all,80-84,859342
2001,all,85-89,474341
2001,all,90-94,180302
2001,all,95+,41203
2001,all,<1,399010
2001,female,1-4,730068
2001,female,10-14,1028037
2001,female,15-19,1222186
2001,female,20-24,1574690
2001,female,25-29,1705798
2001,female,30-34,1659080
2001,female,35-39,1625313
2001,female,40-44,1504343
2001,female,45-49,1299880
2001,female,5-9,933597
2001,female,50-54,1226842
2001,female,55-59,1116873
2001,female,60-64,977440
2001,female,65-69,1113220
2001,female,70-74,1014944
2001,female,75-79,832867
2001,female,80-84,548103
2001,female,85-89,324432
2001,female,90-94,129813
2001,female,95+,31413
2001,female,<1,194066
2001,male,1-4,770954
2001,male,10-14,1086070
2001,male,15-19,1286007
2001,male,20-24,1649879
2001,male,25-29,1780521
2001,male,30-34,1710774
2001,male,35-39,1642654
2001,male,40-44,1498984
2001,male,45-49,1288987
2001,male,5-9,985611
2001,male,50-54,1198421
2001,male,55-59,1068788
2001,male,60-64,896683
2001,male,65-69,972973
2001,male,70-74,817635
2001,male,75-79,591727
2001,male,80-84,311238
2001,male,85-89,149910
2001,male,90-94,50490
2001,male,95+,9790
2001,male,<1,204944
2002,all,1-4,1564623
2002,all,10-14,2108405
2002,all,15-19,2431960
2002,all,20-24,3170154
2002,all,25-29,3589669
2002,all,30-34,3461555
2002,all,35-39,3374371
2002,all,40-44,3098550
2002,all,45-49,2682787
2002,all,5-9,1912858
2002,all,50-54,2472082
2002,all,55-59,2278338
2002,all,60-64,1842047
2002,all,65-69,2071546
2002,all,70-74,1872902
2002,all,75-79,1457926
2002,all,80-84,914097
2002,all,85-89,478982
2002,all,90-94,187115
2002,all,95+,44025
2002,all,<1,409528
2002,female,1-4,761408
2002,female,10-14,1025104
2002,female,15-19,1184422
2002,female,20-24,1545757
2002,female,25-29,1749533
2002,female,30-34,1695489
2002,female,35-39,1671867
2002,female,40-44,1548790
2002,female,45-49,1347005
2002,female,5-9,930962
2002,female,50-54,1248909
2002,female,55-59,1164933
2002,female,60-64,957211
2002,female,65-69,1105959
2002,female,70-74,1034805
2002,female,75-79,850714
2002,female,80-84,577860
2002,female,85-89,328078
2002,female,90-94,134840
2002,female,95+,33568
2002,female,<1,199457
2002,male,1-4,803213
2002,male,10-14,1083301
2002,male,15-19,1247538
2002,male,20-24,1624398
2002,male,25-29,1840134
2002,male,30-34,1766068
2002,male,35-39,1702503
2002,male,40-44,1549760
2002,male,45-49,1335782
2002,male,5-9,981894
2002,male,50-54,1223174
2002,male,55-59,1113404
2002,male,60-64,884838
2002,male,65-69,965590
2002,male,70-74,838096
2002,male,75-79,607213
2002,male,80-84,336237
2002,male,85-89,150905
2002,male,90-94,52277
2002,male,95+,10457
2002,male,<1,210072
2003,all,1-4,1635142
2003,all,10-14,2116781
2003,all,15-19,2384065
2003,all,20-24,3104557
2003,all,25-29,3683262
2003,all,30-34,3568085
2003,all,35-39,3473834
2003,all,40-44,3190662
2003,all,45-49,2791165
2003,all,5-9,1929241
2003,all,50-54,2507336
2003,all,55-59,2362395
2003,all,60-64,1901295
2003,all,65-69,2004865
2003,all,70-74,1916273
2003,all,75-79,1492549
2003,all,80-84,974323
2003,all,85-89,488991
2003,all,90-94,195855
2003,all,95+,46388
2003,all,<1,429164
2003,female,1-4,796001
2003,female,10-14,1029162
2003,female,15-19,1160519
2003,female,20-24,1514786
2003,female,25-29,1789865
2003,female,30-34,1739067
2003,female,35-39,1714594
2003,female,40-44,1590283
2003,female,45-49,1400723
2003,female,5-9,938705
2003,female,50-54,1265185
2003,female,55-59,1207907
2003,female,60-64,985638
2003,female,65-69,1069685
2003,female,70-74,1056335
2003,female,75-79,868787
2003,female,80-84,611216
2003,female,85-89,335450
2003,female,90-94,141360
2003,female,95+,35275
2003,female,<1,207687
2003,male,1-4,839141
2003,male,10-14,1087620
2003,male,15-19,1223546
2003,male,20-24,1589772
2003,male,25-29,1893398
2003,male,30-34,1829017
2003,male,35-39,1759239
2003,male,40-44,1600380
2003,male,45-49,1390442
2003,male,5-9,990538
2003,male,50-54,1242151
2003,male,55-59,1154488
2003,male,60-64,915656
2003,male,65-69,935178
2003,male,70-74,859938
2003,male,75-79,623761
2003,male,80-84,363109
2003,male,85-89,153542
2003,male,90-94,54497
2003,male,95+,11113
2003,male,<1,221477
2004,all,1-4,1696742
2004,all,10-14,2105808
2004,all,15-19,2344117
2004,all,20-24,3011536
2004,all,25-29,3729223
2004,all,30-34,3674850
2004,all,35-39,3542587
2004,all,40-44,3294390
2004,all,45-49,2911933
2004,all,5-9,1957876
2004,all,50-54,2532156
2004,all,55-59,2424519
2004,all,60-64,2036411
2004,all,65-69,1902233
2004,all,70-74,1942392
2004,all,75-79,1531220
2004,all,80-84,1030457
2004,all,85-89,497732
2004,all,90-94,202036
2004,all,95+,48190
2004,all,<1,442767
2004,female,1-4,825564
2004,female,10-14,1023357
2004,female,15-19,1140440
2004,female,20-24,1470272
2004,female,25-29,1809467
2004,female,30-34,1784171
2004,female,35-39,1741221
2004,female,40-44,1637193
2004,female,45-49,1459138
2004,female,5-9,952718
2004,female,50-54,1276389
2004,female,55-59,1239239
2004,female,60-64,1053493
2004,female,65-69,1014667
2004,female,70-74,1068292
2004,female,75-79,889484
2004,female,80-84,642285
2004,female,85-89,341338
2004,female,90-94,146249
2004,female,95+,36686
2004,female,<1,214458
2004,male,1-4,871178
2004,male,10-14,1082451
2004,male,15-19,1203677
2004,male,20-24,1541266
2004,male,25-29,1919754
2004,male,30-34,1890679
2004,male,35-39,1801366
2004,male,40-44,1657198
2004,male,45-49,1452793
2004,male,5-9,1005157
2004,male,50-54,1255768
2004,male,55-59,1185278
2004,male,60-64,982919
2004,male,65-69,887566
2004,male,70-74,874100
2004,male,75-79,641737
2004,male,80-84,388170
2004,male,85-89,156394
2004,male,90-94,55788
2004,male,95+,11504
2004,male,<1,228309
2005,all,1-4,1757026
2005,all,10-14,2090751
2005,all,15-19,2320738
2005,all,20-24,2954737
2005,all,25-29,3768495
2005,all,30-34,3813956
2005,all,35-39,3627062
2005,all,40-44,3407368
2005,all,45-49,3046026
2005,all,5-9,2007941
2005,all,50-54,2594748
2005,all,55-59,2452758
2005,all,60-64,2134301
2005,all,65-69,1860275
2005,all,70-74,1950974
2005,all,75-79,1571692
2005,all,80-84,1076607
2005,all,85-89,514681
2005,all,90-94,206210
2005,all,95+,49889
2005,all,<1,456377
2005,female,1-4,854504
2005,female,10-14,1015764
2005,female,15-19,1127851
2005,female,20-24,1438566
2005,female,25-29,1820406
2005,female,30-34,1840936
2005,female,35-39,1771487
2005,female,40-44,1687318
2005,female,45-49,1523036
2005,female,5-9,976973
2005,female,50-54,1306997
2005,female,55-59,1252240
2005,female,60-64,1102948
2005,female,65-69,990750
2005,female,70-74,1070712
2005,female,75-79,910747
2005,female,80-84,668537
2005,female,85-89,352045
2005,female,90-94,149654
2005,female,95+,38016
2005,female,<1,221161
2005,male,1-4,902522
2005,male,10-14,1074988
2005,male,15-19,1192887
2005,male,20-24,1516172
2005,male,25-29,1948089
2005,male,30-34,1973020
2005,male,35-39,1855573
2005,male,40-44,1720049
2005,male,45-49,1522990
2005,male,5-9,1030971
2005,male,50-54,1287752
2005,male,55-59,1200521
2005,male,60-64,1031352
2005,male,65-69,869523
2005,male,70-74,880262
2005,male,75-79,660946
2005,male,80-84,408070
2005,male,85-89,162636
2005,male,90-94,56557
2005,male,95+,11873
2005,male,<1,235216
2006,all,1-4,1815242
2006,all,10-14,2083101
2006,all,15-19,2303988
2006,all,20-24,2869176
2006,all,25-29,3732625
2006,all,30-34,3921826
2006,all,35-39,3707060
2006,all,40-44,3501388
2006,all,45-49,3160371
2006,all,5-9,2074424
2006,all,50-54,2680878
2006,all,55-59,2474804
2006,all,60-64,2201306
2006,all,65-69,1845320
2006,all,70-74,1960826
2006,all,75-79,1614754
2006,all,80-84,1120530
2006,all,85-89,552315
2006,all,90-94,214685
2006,all,95+,53891
2006,all,<1,472009
2006,female,1-4,882437
2006,female,10-14,1012357
2006,female,15-19,1119174
2006,female,20-24,1400592
2006,female,25-29,1805874
2006,female,30-34,1890727
2006,female,35-39,1803890
2006,female,40-44,1729228
2006,female,45-49,1578313
2006,female,5-9,1009154
2006,female,50-54,1349876
2006,female,55-59,1261514
2006,female,60-64,1137813
2006,female,65-69,978101
2006,female,70-74,1074687
2006,female,75-79,932054
2006,female,80-84,693408
2006,female,85-89,374760
2006,female,90-94,156070
2006,female,95+,41085
2006,female,<1,228704
2006,male,1-4,932807
2006,male,10-14,1070743
2006,male,15-19,1184814
2006,male,20-24,1468584
2006,male,25-29,1926750
2006,male,30-34,2031099
2006,male,35-39,1903171
2006,male,40-44,1772159
2006,male,45-49,1582061
2006,male,5-9,1065270
2006,male,50-54,1331003
2006,male,55-59,1213293
2006,male,60-64,1063493
2006,male,65-69,867220
2006,male,70-74,886138
2006,male,75-79,682698
2006,male,80-84,427124
2006,male,85-89,177555
2006,male,90-94,58615
2006,male,95+,12805
2006,male,<1,243305
2007,all,1-4,1880030
2007,all,10-14,2086603
2007,all,15-19,2313112
2007,all,20-24,2833198
2007,all,25-29,3707705
2007,all,30-34,4043693
2007,all,35-39,3811570
2007,all,40-44,3616718
2007,all,45-49,3262773
2007,all,5-9,2147004
2007,all,50-54,2780415
2007,all,55-59,2523418
2007,all,60-64,2295836
2007,all,65-69,1817448
2007,all,70-74,1950081
2007,all,75-79,1656543
2007,all,80-84,1153307
2007,all,85-89,595160
2007,all,90-94,221058
2007,all,95+,57838
2007,all,<1,482498
2007,female,1-4,913363
2007,female,10-14,1014718
2007,female,15-19,1122749
2007,female,20-24,1384133
2007,female,25-29,1794167
2007,female,30-34,1945073
2007,female,35-39,1847316
2007,female,40-44,1780690
2007,female,45-49,1626364
2007,female,5-9,1044265
2007,female,50-54,1399398
2007,female,55-59,1284209
2007,female,60-64,1187171
2007,female,65-69,958945
2007,female,70-74,1068524
2007,female,75-79,952494
2007,female,80-84,711635
2007,female,85-89,400324
2007,female,90-94,160887
2007,female,95+,44256
2007,female,<1,233246
2007,male,1-4,966666
2007,male,10-14,1071885
2007,male,15-19,1190363
2007,male,20-24,1449066
2007,male,25-29,1913538
2007,male,30-34,2098621
2007,male,35-39,1964254
2007,male,40-44,1836027
2007,male,45-49,1636409
2007,male,5-9,1102741
2007,male,50-54,1381016
2007,male,55-59,1239209
2007,male,60-64,1108664
2007,male,65-69,858502
2007,male,70-74,881558
2007,male,75-79,704048
2007,male,80-84,441673
2007,male,85-89,194834
2007,male,90-94,60169
2007,male,95+,13581
2007,male,<1,249251
2008,all,1-4,1935748
2008,all,10-14,2099083
2008,all,15-19,2314302
2008,all,20-24,2789064
2008,all,25-29,3634024
2008,all,30-34,4127944
2008,all,35-39,3903827
2008,all,40-44,3714873
2008,all,45-49,3350227
2008,all,5-9,2219847
2008,all,50-54,2885614
2008,all,55-59,2553208
2008,all,60-64,2374876
2008,all,65-69,1873252
2008,all,70-74,1889314
2008,all,75-79,1698651
2008,all,80-84,1186329
2008,all,85-89,639014
2008,all,90-94,228409
2008,all,95+,62426
2008,all,<1,503135
2008,female,1-4,939552
2008,female,10-14,1020454
2008,female,15-19,1122321
2008,female,20-24,1362380
2008,female,25-29,1760849
2008,female,30-34,1982954
2008,female,35-39,1885964
2008,female,40-44,1823308
2008,female,45-49,1666262
2008,female,5-9,1079479
2008,female,50-54,1451569
2008,female,55-59,1297218
2008,female,60-64,1227362
2008,female,65-69,985664
2008,female,70-74,1033805
2008,female,75-79,973503
2008,female,80-84,729355
2008,female,85-89,426592
2008,female,90-94,166502
2008,female,95+,47897
2008,female,<1,243316
2008,male,1-4,996196
2008,male,10-14,1078630
2008,male,15-19,1191982
2008,male,20-24,1426684
2008,male,25-29,1873175
2008,male,30-34,2144990
2008,male,35-39,2017862
2008,male,40-44,1891564
2008,male,45-49,1683966
2008,male,5-9,1140369
2008,male,50-54,1434047
2008,male,55-59,1255990
2008,male,60-64,1147514
2008,male,65-69,887588
2008,male,70-74,855508
2008,male,75-79,725147
2008,male,80-84,456972
2008,male,85-89,212421
2008,male,90-94,61908
2008,male,95+,14529
2008,male,<1,259819
2009,all,1-4,1980242
2009,all,10-14,2118188
2009,all,15-19,2285110
2009,all,20-24,2703764
2009,all,25-29,3486983
2009,all,30-34,4126959
2009,all,35-39,3970032
2009,all,40-44,3761129
2009,all,45-49,3435248
2009,all,5-9,2281640
2009,all,50-54,2993841
2009,all,55-59,2566693
2009,all,60-64,2427143
2009,all,65-69,2000078
2009,all,70-74,1792724
2009,all,75-79,1725815
2009,all,80-84,1223520
2009,all,85-89,681343
2009,all,90-94,236517
2009,all,95+,67117
2009,all,<1,503462
2009,female,1-4,960175
2009,female,10-14,1029663
2009,female,15-19,1107758
2009,female,20-24,1324953
2009,female,25-29,1698817
2009,female,30-34,1988258
2009,female,35-39,1917996
2009,female,40-44,1843672
2009,female,45-49,1706747
2009,female,5-9,1109150
2009,female,50-54,1504790
2009,female,55-59,1302868
2009,female,60-64,1253709
2009,female,65-69,1050252
2009,female,70-74,979992
2009,female,75-79,986078
2009,female,80-84,749374
2009,female,85-89,452006
2009,female,90-94,172344
2009,female,95+,51596
2009,female,<1,242850
2009,male,1-4,1020067
2009,male,10-14,1088524
2009,male,15-19,1177352
2009,male,20-24,1378811
2009,male,25-29,1788166
2009,male,30-34,2138702
2009,male,35-39,2052034
2009,male,40-44,1917456
2009,male,45-49,1728501
2009,male,5-9,1172489
2009,male,50-54,1489051
2009,male,55-59,1263824
2009,male,60-64,1173433
2009,male,65-69,949827
2009,male,70-74,812732
2009,male,75-79,739737
2009,male,80-84,474146
2009,male,85-89,229339
2009,male,90-94,64173
2009,male,95+,15521
2009,male,<1,260612
2010,all,1-4,2008790
2010,all,10-14,2148480
2010,all,15-19,2245882
2010,all,20-24,2608865
2010,all,25-29,3313317
2010,all,30-34,4054885
2010,all,35-39,4024785
2010,all,40-44,3790153
2010,all,45-49,3510742
2010,all,5-9,2327162
2010,all,50-54,3102219
2010,all,55-59,2612065
2010,all,60-64,2442526
2010,all,65-69,2088787
2010,all,70-74,1752947
2010,all,75-79,1739132
2010,all,80-84,1265883
2010,all,85-89,721121
2010,all,90-94,251835
2010,all,95+,73085
2010,all,<1,479828
2010,female,1-4,972802
2010,female,10-14,1044203
2010,female,15-19,1088342
2010,female,20-24,1281686
2010,female,25-29,1624472
2010,female,30-34,1962480
2010,female,35-39,1946133
2010,female,40-44,1855381
2010,female,45-49,1743226
2010,female,5-9,1131024
2010,female,50-54,1557702
2010,female,55-59,1325407
2010,female,60-64,1260361
2010,female,65-69,1095520
2010,female,70-74,955801
2010,female,75-79,990445
2010,female,80-84,771683
2010,female,85-89,475998
2010,female,90-94,182886
2010,female,95+,56346
2010,female,<1,232001
2010,male,1-4,1035988
2010,male,10-14,1104277
2010,male,15-19,1157539
2010,male,20-24,1327179
2010,male,25-29,1688844
2010,male,30-34,2092405
2010,male,35-39,2078651
2010,male,40-44,1934773
2010,male,45-49,1767514
2010,male,5-9,1196139
2010,male,50-54,1544518
2010,male,55-59,1286656
2010,male,60-64,1182165
2010,male,65-69,993267
2010,male,70-74,797147
2010,male,75-79,748688
2010,male,80-84,494200
2010,male,85-89,245123
2010,male,90-94,68949
2010,male,95+,16738
2010,male,<1,247827
2011,all,1-4,2008178
2011,all,10-14,2184748
2011,all,15-19,2213054
2011,all,20-24,2533994
2011,all,25-29,3144902
2011,all,30-34,3940638
2011,all,35-39,4072274
2011,all,40-44,3828440
2011,all,45-49,3577063
2011,all,5-9,2372351
2011,all,50-54,3196785
2011,all,55-59,2683494
2011,all,60-64,2453413
2011,all,65-69,2147718
2011,all,70-74,1738530
2011,all,75-79,1750868
2011,all,80-84,1306510
2011,all,85-89,755297
2011,all,90-94,274289
2011,all,95+,78992
2011,all,<1,474723
2011,female,1-4,971365
2011,female,10-14,1061044
2011,female,15-19,1073036
2011,female,20-24,1245685
2011,female,25-29,1551663
2011,female,30-34,1916808
2011,female,35-39,1972082
2011,female,40-44,1872063
2011,female,45-49,1774286
2011,female,5-9,1152605
2011,female,50-54,1604585
2011,female,55-59,1361180
2011,female,60-64,1263906
2011,female,65-69,1126382
2011,female,70-74,943295
2011,female,75-79,995099
2011,female,80-84,792870
2011,female,85-89,496811
2011,female,90-94,197512
2011,female,95+,60966
2011,female,<1,229738
2011,male,1-4,1036811
2011,male,10-14,1123704
2011,male,15-19,1140017
2011,male,20-24,1288309
2011,male,25-29,1593240
2011,male,30-34,2023828
2011,male,35-39,2100191
2011,male,40-44,1956378
2011,male,45-49,1802777
2011,male,5-9,1219746
2011,male,50-54,1592201
2011,male,55-59,1322314
2011,male,60-64,1189507
2011,male,65-69,1021335
2011,male,70-74,795233
2011,male,75-79,755768
2011,male,80-84,513638
2011,male,85-89,258488
2011,male,90-94,76777
2011,male,95+,18026
2011,male,<1,244986
2012,all,1-4,1983816
2012,all,10-14,2212927
2012,all,15-19,2182173
2012,all,20-24,2473556
2012,all,25-29,2984940
2012,all,30-34,3781045
2012,all,35-39,4086589
2012,all,40-44,3850868
2012,all,45-49,3639212
2012,all,5-9,2417308
2012,all,50-54,3260690
2012,all,55-59,2756882
2012,all,60-64,2483163
2012,all,65-69,2228633
2012,all,70-74,1709706
2012,all,75-79,1739628
2012,all,80-84,1342751
2012,all,85-89,777720
2012,all,90-94,295221
2012,all,95+,80732
2012,all,<1,461743
2012,female,1-4,959737
2012,female,10-14,1074430
2012,female,15-19,1059069
2012,female,20-24,1216247
2012,female,25-29,1481468
2012,female,30-34,1850784
2012,female,35-39,1984554
2012,female,40-44,1883335
2012,female,45-49,1804452
2012,female,5-9,1173368
2012,female,50-54,1636661
2012,female,55-59,1399237
2012,female,60-64,1277691
2012,female,65-69,1169524
2012,female,70-74,923658
2012,female,75-79,988062
2012,female,80-84,811191
2012,female,85-89,509836
2012,female,90-94,211009
2012,female,95+,62342
2012,female,<1,223718
2012,male,1-4,1024079
2012,male,10-14,1138497
2012,male,15-19,1123104
2012,male,20-24,1257309
2012,male,25-29,1503472
2012,male,30-34,1930261
2012,male,35-39,2102035
2012,male,40-44,1967533
2012,male,45-49,1834760
2012,male,5-9,1243940
2012,male,50-54,1624029
2012,male,55-59,1357645
2012,male,60-64,1205472
2012,male,65-69,1059109
2012,male,70-74,786048
2012,male,75-79,751566
2012,male,80-84,531560
2012,male,85-89,267884
2012,male,90-94,84212
2012,male,95+,18390
2012,male,<1,238025
2013,all,1-4,1929421
2013,all,10-14,2242798
2013,all,15-19,2151610
2013,all,20-24,2407770
2013,all,25-29,2827192
2013,all,30-34,3576275
2013,all,35-39,4058086
2013,all,40-44,3856362
2013,all,45-49,3677573
2013,all,5-9,2454569
2013,all,50-54,3306604
2013,all,55-59,2833509
2013,all,60-64,2493739
2013,all,65-69,2294440
2013,all,70-74,1758576
2013,all,75-79,1685107
2013,all,80-84,1383515
2013,all,85-89,806355
2013,all,90-94,320761
2013,all,95+,84234
2013,all,<1,432628
2013,female,1-4,933860
2013,female,10-14,1089736
2013,female,15-19,1043914
2013,female,20-24,1182890
2013,female,25-29,1408252
2013,female,30-34,1762417
2013,female,35-39,1977119
2013,female,40-44,1887262
2013,female,45-49,1823708
2013,female,5-9,1190426
2013,female,50-54,1659600
2013,female,55-59,1439169
2013,female,60-64,1282077
2013,female,65-69,1204011
2013,female,70-74,947291
2013,female,75-79,955517
2013,female,80-84,832468
2013,female,85-89,526403
2013,female,90-94,227568
2013,female,95+,65305
2013,female,<1,209883
2013,male,1-4,995561
2013,male,10-14,1153062
2013,male,15-19,1107696
2013,male,20-24,1224880
2013,male,25-29,1418940
2013,male,30-34,1813858
2013,male,35-39,2080967
2013,male,40-44,1969100
2013,male,45-49,1853865
2013,male,5-9,1264143
2013,male,50-54,1647004
2013,male,55-59,1394340
2013,male,60-64,1211662
2013,male,65-69,1090429
2013,male,70-74,811285
2013,male,75-79,729590
2013,male,80-84,551047
2013,male,85-89,279952
2013,male,90-94,93193
2013,male,95+,18929
2013,male,<1,222745
2014,all,1-4,1857259
2014,all,10-14,2281079
2014,all,15-19,2143702
2014,all,20-24,2346337
2014,all,25-29,2701719
2014,all,30-34,3374307
2014,all,35-39,3997776
2014,all,40-44,3874839
2014,all,45-49,3687659
2014,all,5-9,2474230
2014,all,50-54,3367612
2014,all,55-59,2923740
2014,all,60-64,2495589
2014,all,65-69,2336880
2014,all,70-74,1874782
2014,all,75-79,1597016
2014,all,80-84,1409846
2014,all,85-89,837210
2014,all,90-94,344538
2014,all,95+,87509
2014,all,<1,419421
2014,female,1-4,899848
2014,female,10-14,1108660
2014,female,15-19,1040196
2014,female,20-24,1150938
2014,female,25-29,1347030
2014,female,30-34,1670924
2014,female,35-39,1954399
2014,female,40-44,1897583
2014,female,45-49,1828484
2014,female,5-9,1199130
2014,female,50-54,1690083
2014,female,55-59,1484701
2014,female,60-64,1282487
2014,female,65-69,1226207
2014,female,70-74,1007915
2014,female,75-79,905145
2014,female,80-84,845392
2014,female,85-89,544238
2014,female,90-94,243201
2014,female,95+,67716
2014,female,<1,203196
2014,male,1-4,957411
2014,male,10-14,1172419
2014,male,15-19,1103506
2014,male,20-24,1195399
2014,male,25-29,1354689
2014,male,30-34,1703383
2014,male,35-39,2043377
2014,male,40-44,1977256
2014,male,45-49,1859175
2014,male,5-9,1275100
2014,male,50-54,1677529
2014,male,55-59,1439039
2014,male,60-64,1213102
2014,male,65-69,1110673
2014,male,70-74,866867
2014,male,75-79,691871
2014,male,80-84,564454
2014,male,85-89,292972
2014,male,90-94,101337
2014,male,95+,19793
2014,male,<1,216225
2015,all,1-4,1798048
2015,all,10-14,2316696
2015,all,15-19,2163423
2015,all,20-24,2300308
2015,all,25-29,2611598
2015,all,30-34,3201809
2015,all,35-39,3910797
2015,all,40-44,3909977
2015,all,45-49,3699410
2015,all,5-9,2472304
2015,all,50-54,3430417
2015,all,55-59,3020532
2015,all,60-64,2532435
2015,all,65-69,2345086
2015,all,70-74,1955121
2015,all,75-79,1560742
2015,all,80-84,1421423
2015,all,85-89,866310
2015,all,90-94,360022
2015,all,95+,91148
2015,all,<1,416773
2015,female,1-4,871691
2015,female,10-14,1126465
2015,female,15-19,1049944
2015,female,20-24,1126554
2015,female,25-29,1301811
2015,female,30-34,1591109
2015,female,35-39,1918328
2015,female,40-44,1915504
2015,female,45-49,1832338
2015,female,5-9,1197563
2015,female,50-54,1721292
2015,female,55-59,1533549
2015,female,60-64,1301568
2015,female,65-69,1230498
2015,female,70-74,1050410
2015,female,75-79,882804
2015,female,80-84,849649
2015,female,85-89,560646
2015,female,90-94,253271
2015,female,95+,70279
2015,female,<1,201672
2015,male,1-4,926357
2015,male,10-14,1190231
2015,male,15-19,1113479
2015,male,20-24,1173754
2015,male,25-29,1309787
2015,male,30-34,1610700
2015,male,35-39,1992469
2015,male,40-44,1994473
2015,male,45-49,1867072
2015,male,5-9,1274741
2015,male,50-54,1709125
2015,male,55-59,1486983
2015,male,60-64,1230867
2015,male,65-69,1114588
2015,male,70-74,904711
2015,male,75-79,677938
2015,male,80-84,571774
2015,male,85-89,305664
2015,male,90-94,106751
2015,male,95+,20869
2015,male,<1,215101
2016,all,1-4,1750443
2016,all,10-14,2357281
2016,all,15-19,2195137
2016,all,20-24,2269022
2016,all,25-29,2551021
2016,all,30-34,3051918
2016,all,35-39,3800295
2016,all,40-44,3948939
2016,all,45-49,3726059
2016,all,5-9,2457456
2016,all,50-54,3488081
2016,all,55-59,3106704
2016,all,60-64,2595892
2016,all,65-69,2350653
2016,all,70-74,2007519
2016,all,75-79,1550038
2016,all,80-84,1433807
2016,all,85-89,899867
2016,all,90-94,378797
2016,all,95+,99238
2016,all,<1,408933
2016,female,1-4,848512
2016,female,10-14,1146330
2016,female,15-19,1065129
2016,female,20-24,1110008
2016,female,25-29,1269451
2016,female,30-34,1521775
2016,female,35-39,1870289
2016,female,40-44,1936157
2016,female,45-49,1843838
2016,female,5-9,1190018
2016,female,50-54,1749468
2016,female,55-59,1577595
2016,female,60-64,1334755
2016,female,65-69,1232456
2016,female,70-74,1079075
2016,female,75-79,872671
2016,female,80-84,855564
2016,female,85-89,579373
2016,female,90-94,265550
2016,female,95+,75998
2016,female,<1,198436
2016,male,1-4,901931
2016,male,10-14,1210951
2016,male,15-19,1130008
2016,male,20-24,1159014
2016,male,25-29,1281570
2016,male,30-34,1530143
2016,male,35-39,1930006
2016,male,40-44,2012782
2016,male,45-49,1882221
2016,male,5-9,1267438
2016,male,50-54,1738613
2016,male,55-59,1529109
2016,male,60-64,1261137
2016,male,65-69,1118197
2016,male,70-74,928444
2016,male,75-79,677367
2016,male,80-84,578243
2016,male,85-89,320494
2016,male,90-94,113247
2016,male,95+,23240
2016,male,<1,210497
2017,all,1-4,1713881
2017,all,10-14,2405166
2017,all,15-19,2229631
2017,all,20-24,2254710
2017,all,25-29,2521020
2017,all,30-34,2930119
2017,all,35-39,3670336
2017,all,40-44,3975786
2017,all,45-49,3753755
2017,all,5-9,2428717
2017,all,50-54,3553166
2017,all,55-59,3171707
2017,all,60-64,2667073
2017,all,65-69,2378784
2017,all,70-74,2081555
2017,all,75-79,1526174
2017,all,80-84,1426652
2017,all,85-89,929614
2017,all,90-94,391411
2017,all,95+,106175
2017,all,<1,395029
2017,female,1-4,831300
2017,female,10-14,1168930
2017,female,15-19,1081701
2017,female,20-24,1103117
2017,female,25-29,1251550
2017,female,30-34,1464817
2017,female,35-39,1813245
2017,female,40-44,1951590
2017,female,45-49,1856692
2017,female,5-9,1176310
2017,female,50-54,1781249
2017,female,55-59,1610902
2017,female,60-64,1372746
2017,female,65-69,1245944
2017,female,70-74,1120037
2017,female,75-79,855410
2017,female,80-84,851228
2017,female,85-89,595675
2017,female,90-94,273517
2017,female,95+,80873
2017,female,<1,191934
2017,male,1-4,882581
2017,male,10-14,1236236
2017,male,15-19,1147930
2017,male,20-24,1151593
2017,male,25-29,1269470
2017,male,30-34,1465302
2017,male,35-39,1857091
2017,male,40-44,2024196
2017,male,45-49,1897063
2017,male,5-9,1252407
2017,male,50-54,1771917
2017,male,55-59,1560805
2017,male,60-64,1294327
2017,male,65-69,1132840
2017,male,70-74,961518
2017,male,75-79,670764
2017,male,80-84,575424
2017,male,85-89,333939
2017,male,90-94,117894
2017,male,95+,25302
2017,male,<1,203095
2018,all,1-4,1690080
2018,all,10-14,2457493
2018,all,15-19,2281042
2018,all,20-24,2265014
2018,all,25-29,2523693
2018,all,30-34,2854373
2018,all,35-39,3538326
2018,all,40-44,3993818
2018,all,45-49,3790830
2018,all,5-9,2377885
2018,all,50-54,3611167
2018,all,55-59,3231685
2018,all,60-64,2751024
2018,all,65-69,2396060
2018,all,70-74,2145840
2018,all,75-79,1572910
2018,all,80-84,1381230
2018,all,85-89,958721
2018,all,90-94,404958
2018,all,95+,112931
2018,all,<1,376303
2018,female,1-4,820101
2018,female,10-14,1193642
2018,female,15-19,1106623
2018,female,20-24,1107695
2018,female,25-29,1250421
2018,female,30-34,1427976
2018,female,35-39,1755021
2018,female,40-44,1963646
2018,female,45-49,1873896
2018,female,5-9,1152163
2018,female,50-54,1810395
2018,female,55-59,1641614
2018,female,60-64,1417375
2018,female,65-69,1254008
2018,female,70-74,1154747
2018,female,75-79,878734
2018,female,80-84,823415
2018,female,85-89,612529
2018,female,90-94,282333
2018,female,95+,85730
2018,female,<1,182664
2018,male,1-4,869979
2018,male,10-14,1263851
2018,male,15-19,1174419
2018,male,20-24,1157319
2018,male,25-29,1273272
2018,male,30-34,1426397
2018,male,35-39,1783305
2018,male,40-44,2030172
2018,male,45-49,1916934
2018,male,5-9,1225722
2018,male,50-54,1800772
2018,male,55-59,1590071
2018,male,60-64,1333649
2018,male,65-69,1142052
2018,male,70-74,991093
2018,male,75-79,694176
2018,male,80-84,557815
2018,male,85-89,346192
2018,male,90-94,122625
2018,male,95+,27201
2018,male,<1,193639
2019,all,1-4,1658415
2019,all,10-14,2501131
2019,all,15-19,2348774
2019,all,20-24,2307103
2019,all,25-29,2541207
2019,all,30-34,2823377
2019,all,35-39,3423300
2019,all,40-44,3994848
2019,all,45-49,3852772
2019,all,5-9,2329677
2019,all,50-54,3651456
2019,all,55-59,3314580
2019,all,60-64,2854309
2019,all,65-69,2409567
2019,all,70-74,2193813
2019,all,75-79,1683857
2019,all,80-84,1310815
2019,all,85-89,982767
2019,all,90-94,424360
2019,all,95+,120625
2019,all,<1,361025
2019,female,1-4,804916
2019,female,10-14,1213807
2019,female,15-19,1138037
2019,female,20-24,1126378
2019,female,25-29,1255420
2019,female,30-34,1410700
2019,female,35-39,1703083
2019,female,40-44,1968133
2019,female,45-49,1904093
2019,female,5-9,1129113
2019,female,50-54,1829963
2019,female,55-59,1683915
2019,female,60-64,1470578
2019,female,65-69,1260913
2019,female,70-74,1180354
2019,female,75-79,938245
2019,female,80-84,781079
2019,female,85-89,626087
2019,female,90-94,294944
2019,female,95+,91446
2019,female,<1,175748
2019,male,1-4,853499
2019,male,10-14,1287324
2019,male,15-19,1210737
2019,male,20-24,1180725
2019,male,25-29,1285787
2019,male,30-34,1412677
2019,male,35-39,1720217
2019,male,40-44,2026715
2019,male,45-49,1948679
2019,male,5-9,1200564
2019,male,50-54,1821493
2019,male,55-59,1630665
2019,male,60-64,1383731
2019,male,65-69,1148654
2019,male,70-74,1013459
2019,male,75-79,745612
2019,male,80-84,529736
2019,male,85-89,356680
2019,male,90-94,129416
2019,male,95+,29179
2019,male,<1,185277
2020,all,1-4,1603973
2020,all,10-14,2522432
2020,all,15-19,2400952
2020,all,20-24,2359375
2020,all,25-29,2547372
2020,all,30-34,2799018
2020,all,35-39,3312089
2020,all,40-44,3955761
2020,all,45-49,3918800
2020,all,5-9,2296690
2020,all,50-54,3683454
2020,all,55-59,3392221
2020,all,60-64,2958179
2020,all,65-69,2450693
2020,all,70-74,2205781
2020,all,75-79,1756539
2020,all,80-84,1280607
2020,all,85-89,988234
2020,all,90-94,437604
2020,all,95+,124072
2020,all,<1,351006
2020,female,1-4,779214
2020,female,10-14,1223325
2020,female,15-19,1163188
2020,female,20-24,1150193
2020,female,25-29,1255376
2020,female,30-34,1396154
2020,female,35-39,1651651
2020,female,40-44,1953616
2020,female,45-49,1936691
2020,female,5-9,1113557
2020,female,50-54,1844355
2020,female,55-59,1723470
2020,female,60-64,1523981
2020,female,65-69,1283317
2020,female,70-74,1186959
2020,female,75-79,978197
2020,female,80-84,761706
2020,female,85-89,628539
2020,female,90-94,303439
2020,female,95+,94093
2020,female,<1,170813
2020,male,1-4,824759
2020,male,10-14,1299107
2020,male,15-19,1237764
2020,male,20-24,1209182
2020,male,25-29,1291996
2020,male,30-34,1402864
2020,male,35-39,1660438
2020,male,40-44,2002145
2020,male,45-49,1982109
2020,male,5-9,1183133
2020,male,50-54,1839099
2020,male,55-59,1668751
2020,male,60-64,1434198
2020,male,65-69,1167376
2020,male,70-74,1018822
2020,male,75-79,778342
2020,male,80-84,518901
2020,male,85-89,359695
2020,male,90-94,134165
2020,male,95+,29979
2020,male,<1,180193
2021,all,1-4,1533431
2021,all,10-14,2516246
2021,all,15-19,2436768
2021,all,20-24,2378969
2021,all,25-29,2517756
2021,all,30-34,2754706
2021,all,35-39,3176167
2021,all,40-44,3866751
2021,all,45-49,3971598
2021,all,5-9,2252820
2021,all,50-54,3717783
2021,all,55-59,3455499
2021,all,60-64,3044537
2021,all,65-69,2511868
2021,all,70-74,2213620
2021,all,75-79,1805839
2021,all,80-84,1277648
2021,all,85-89,999335
2021,all,90-94,457613
2021,all,95+,130421
2021,all,<1,327461
2021,female,1-4,745443
2021,female,10-14,1219543
2021,female,15-19,1180935
2021,female,20-24,1155956
2021,female,25-29,1237874
2021,female,30-34,1371127
2021,female,35-39,1587291
2021,female,40-44,1914383
2021,female,45-49,1962554
2021,female,5-9,1092751
2021,female,50-54,1857492
2021,female,55-59,1753135
2021,female,60-64,1568026
2021,female,65-69,1314990
2021,female,70-74,1189678
2021,female,75-79,1005618
2021,female,80-84,756010
2021,female,85-89,635225
2021,female,90-94,316965
2021,female,95+,99306
2021,female,<1,159144
2021,male,1-4,787988
2021,male,10-14,1296703
2021,male,15-19,1255833
2021,male,20-24,1223013
2021,male,25-29,1279882
2021,male,30-34,1383579
2021,male,35-39,1588876
2021,male,40-44,1952368
2021,male,45-49,2009044
2021,male,5-9,1160069
2021,male,50-54,1860291
2021,male,55-59,1702364
2021,male,60-64,1476511
2021,male,65-69,1196878
2021,male,70-74,1023942
2021,male,75-79,800221
2021,male,80-84,521638
2021,male,85-89,364110
2021,male,90-94,140648
2021,male,95+,31115
2021,male,<1,168317
2022,all,1-4,1472575
2022,all,10-14,2529213
2022,all,15-19,2515898
2022,all,20-24,2448982
2022,all,25-29,2548679
2022,all,30-34,2768924
2022,all,35-39,3104551
2022,all,40-44,3775481
2022,all,45-49,4029067
2022,all,5-9,2229433
2022,all,50-54,3775904
2022,all,55-59,3534478
2022,all,60-64,3125781
2022,all,65-69,2585778
2022,all,70-74,2262837
2022,all,75-79,1878752
2022,all,80-84,1249260
2022,all,85-89,998794
2022,all,90-94,475171
2022,all,95+,135166
2022,all,<1,336630
2022,female,1-4,715949
2022,female,10-14,1226187
2022,female,15-19,1218148
2022,female,20-24,1188096
2022,female,25-29,1253319
2022,female,30-34,1375513
2022,female,35-39,1556881
2022,female,40-44,1877876
2022,female,45-49,1992798
2022,female,5-9,1082217
2022,female,50-54,1886845
2022,female,55-59,1793288
2022,female,60-64,1609859
2022,female,65-69,1355931
2022,female,70-74,1215360
2022,female,75-79,1047548
2022,female,80-84,735013
2022,female,85-89,634737
2022,female,90-94,327693
2022,female,95+,103140
2022,female,<1,163031
2022,male,1-4,756626
2022,male,10-14,1303026
2022,male,15-19,1297750
2022,male,20-24,1260886
2022,male,25-29,1295360
2022,male,30-34,1393411
2022,male,35-39,1547670
2022,male,40-44,1897605
2022,male,45-49,2036269
2022,male,5-9,1147216
2022,male,50-54,1889059
2022,male,55-59,1741190
2022,male,60-64,1515922
2022,male,65-69,1229847
2022,male,70-74,1047477
2022,male,75-79,831204
2022,male,80-84,514247
2022,male,85-89,364057
2022,male,90-94,147478
2022,male,95+,32026
2022,male,<1,173599
2023,all,1-4,1440199
2023,all,10-14,2505799
2023,all,15-19,2596832
2023,all,20-24,2548090
2023,all,25-29,2593315
2023,all,30-34,2819626
2023,all,35-39,3073085
2023,all,40-44,3681171
2023,all,45-49,4080337
2023,all,5-9,2209380
2023,all,50-54,3828620
2023,all,55-59,3619018
2023,all,60-64,3193073
2023,all,65-69,2679653
2023,all,70-74,2267496
2023,all,75-79,1954224
2023,all,80-84,1302917
2023,all,85-89,970537
2023,all,90-94,492778
2023,all,95+,140426
2023,all,<1,323944
2023,female,1-4,700199
2023,female,10-14,1214971
2023,female,15-19,1257128
2023,female,20-24,1235708
2023,female,25-29,1272248
2023,female,30-34,1397777
2023,female,35-39,1541200
2023,female,40-44,1837023
2023,female,45-49,2023009
2023,female,5-9,1072276
2023,female,50-54,1912440
2023,female,55-59,1835987
2023,female,60-64,1644037
2023,female,65-69,1406358
2023,female,70-74,1217316
2023,female,75-79,1089068
2023,female,80-84,762959
2023,female,85-89,615550
2023,female,90-94,338935
2023,female,95+,106653
2023,female,<1,157747
2023,male,1-4,740000
2023,male,10-14,1290828
2023,male,15-19,1339704
2023,male,20-24,1312382
2023,male,25-29,1321067
2023,male,30-34,1421849
2023,male,35-39,1531885
2023,male,40-44,1844148
2023,male,45-49,2057328
2023,male,5-9,1137104
2023,male,50-54,1916180
2023,male,55-59,1783031
2023,male,60-64,1549036
2023,male,65-69,1273295
2023,male,70-74,1050180
2023,male,75-79,865156
2023,male,80-84,539958
2023,male,85-89,354987
2023,male,90-94,153843
2023,male,95+,33773
2023,male,<1,166197
2024,all,1-4,1409470
2024,all,10-14,2480540
2024,all,15-19,2667627
2024,all,20-24,2637908
2024,all,25-29,2648465
2024,all,30-34,2855718
2024,all,35-39,3057268
2024,all,40-44,3587933
2024,all,45-49,4096700
2024,all,5-9,2171243
2024,all,50-54,3901279
2024,all,55-59,3655824
2024,all,60-64,3281220
2024,all,65-69,2782612
2024,all,70-74,2285944
2024,all,75-79,1992787
2024,all,80-84,1406469
2024,all,85-89,921872
2024,all,90-94,511049
2024,all,95+,149492
2024,all,<1,320516
2024,female,1-4,685056
2024,female,10-14,1202941
2024,female,15-19,1287752
2024,female,20-24,1278031
2024,female,25-29,1294695
2024,female,30-34,1409729
2024,female,35-39,1529441
2024,female,40-44,1794391
2024,female,45-49,2034828
2024,female,5-9,1055116
2024,female,50-54,1947620
2024,female,55-59,1853354
2024,female,60-64,1689221
2024,female,65-69,1459256
2024,female,70-74,1226257
2024,female,75-79,1110132
2024,female,80-84,820971
2024,female,85-89,583900
2024,female,90-94,350145
2024,female,95+,113032
2024,female,<1,155756
2024,male,1-4,724414
2024,male,10-14,1277599
2024,male,15-19,1379875
2024,male,20-24,1359877
2024,male,25-29,1353770
2024,male,30-34,1445989
2024,male,35-39,1527827
2024,male,40-44,1793542
2024,male,45-49,2061872
2024,male,5-9,1116127
2024,male,50-54,1953659
2024,male,55-59,1802470
2024,male,60-64,1591999
2024,male,65-69,1323356
2024,male,70-74,1059687
2024,male,75-79,882655
2024,male,80-84,585498
2024,male,85-89,337972
2024,male,90-94,160904
2024,male,95+,36460
2024,male,<1,164760
