ccaa,year,n_fires,superficie_ha,personal_units_sum,medios_units_sum,gastos_eur_sum,fires_with_gastos_reported,gastos_coverage_pct
Andalucía,1968,114,10725.9,4832,42,4.0,2,1.8
Andalucía,1969,104,8335.2,4022,40,0.0,0,0.0
Andalucía,1970,161,6476.6,4047,19,0.0,0,0.0
Andalucía,1971,89,3199.7,2978,34,0.0,0,0.0
Andalucía,1972,91,7928.0,3572,42,14.0,2,2.2
Andalucía,1973,229,16420.2,9424,123,17.0,9,3.9
Andalucía,1974,319,23467.3,9305,191,48.0,13,4.1
Andalucía,1975,233,47355.7,9684,168,19.0,5,2.1
Andalucía,1976,206,15547.8,4972,116,2.0,2,1.0
Andalucía,1977,279,20050.7,4532,79,17.0,14,5.0
Andalucía,1978,350,27652.2,6579,132,36.0,21,6.0
Andalucía,1979,299,10348.4,4264,144,23.0,11,3.7
Andalucía,1980,717,43861.6,27790,518,119.0,46,6.4
Andalucía,1981,615,27338.9,20680,310,70.0,29,4.7
Andalucía,1982,459,17822.5,18264,217,24.0,17,3.7
Andalucía,1983,472,12736.9,21107,410,134.0,41,8.7
Andalucía,1984,509,21943.8,20398,267,90.0,26,5.1
Andalucía,1985,838,50995.1,35922,550,85.0,19,2.3
Andalucía,1986,674,37609.8,29832,581,110.0,41,6.1
Andalucía,1987,477,11628.3,15998,498,101.0,43,9.0
Andalucía,1988,589,22286.3,20029,2146,180274.0,272,46.2
Andalucía,1989,879,17519.7,25506,2023,229479.0,398,45.3
Andalucía,1990,1069,17613.9,31571,2393,146588.0,267,25.0
Andalucía,1991,1417,65127.5,49755,5591,409062.0,202,14.3
Andalucía,1992,820,18718.1,26859,2711,196123.0,143,17.4
Andalucía,1993,643,17211.5,24675,4206,78200.0,45,7.0
Andalucía,1994,813,36008.4,34868,4262,111621.0,200,24.6
Andalucía,1995,505,12821.0,23294,3482,1897053.0,60,11.9
Andalucía,1996,257,1191.3,7627,1146,133208.0,13,5.1
Andalucía,1997,264,2861.91,10060,1284,149967.0,23,8.7
Andalucía,1998,540,5086.92,17019,2243,624937.0,123,22.8
Andalucía,1999,313,6514.02,14077,1510,2100597.0,58,18.5
Andalucía,2000,385,5281.13,14785,1689,1134026.0,80,20.8
Andalucía,2001,400,7210.5,16628,1712,1585093.0,83,20.8
Andalucía,2002,494,10468.78,19799,2219,1732314.0,87,17.6
Andalucía,2003,431,11696.53,20426,2549,7000569.0,99,23.0
Andalucía,2004,476,51132.54,23594,2852,2495816.0,115,24.2
Andalucía,2005,515,14147.27,23962,2465,4087578.0,148,28.7
Andalucía,2006,307,5339.42,16229,1859,2089256.0,63,20.5
Andalucía,2007,289,6148.44,14879,1718,2708540.0,88,30.4
Andalucía,2008,204,2760.6,10442,1145,863990.0,66,32.4
Andalucía,2009,320,13398.35,17789,2113,592781.0,87,27.2
Andalucía,2010,171,1405.38,8098,902,235381.0,35,20.5
Andalucía,2011,203,2914.41,10242,1140,53426.0,18,8.9
Andalucía,2012,231,12676.08,14219,1588,165434.0,50,21.6
Andalucía,2013,228,2734.61,11162,1236,51256.0,19,8.3
Andalucía,2014,224,8000.45,13063,1369,113319.0,32,14.3
Andalucía,2015,238,14097.29,13332,1473,275268.0,28,11.8
Andalucía,2016,220,4472.4800000000005,11321,1406,89256.0,31,14.1
Andalucía,2017,309,18511.2812,20102,2363,209640.0,30,9.7
Andalucía,2018,187,3593.8761,10233,1424,50333.0,20,10.7
Andalucía,2019,274,6911.1681,14213,1908,145320.0,30,10.9
Andalucía,2020,266,19546.2316,16102,1972,352467.0,42,15.8
Andalucía,2021,294,15513.7851,18659,2048,268922.0,39,13.3
Andalucía,2022,237,18972.888,16233,1815,157857.0,8,3.4
Aragón,1968,21,98.2,130,5,0.0,0,0.0
Aragón,1969,18,495.9,317,10,0.0,0,0.0
Aragón,1970,38,755.0,412,6,0.0,0,0.0
Aragón,1971,23,828.6,688,7,6.0,1,4.3
Aragón,1972,9,26.0,34,0,0.0,0,0.0
Aragón,1973,53,1245.9,890,7,18.0,1,1.9
Aragón,1974,54,715.1,765,8,0.0,0,0.0
Aragón,1975,59,1712.6,2009,23,0.0,0,0.0
Aragón,1976,61,710.1,388,1,0.0,0,0.0
Aragón,1977,23,905.8,363,11,0.0,0,0.0
Aragón,1978,118,3278.4,2908,48,26.0,10,8.5
Aragón,1979,29,1237.7,756,8,12.0,6,20.7
Aragón,1980,153,11145.9,9034,89,84.0,18,11.8
Aragón,1981,196,8028.6,6736,148,43.0,15,7.7
Aragón,1982,94,3124.7,3796,48,22.0,11,11.7
Aragón,1983,118,7098.6,7577,134,71.0,26,22.0
Aragón,1984,116,4129.3,7787,190,110.0,24,20.7
Aragón,1985,110,4699.2,6906,124,77.0,24,21.8
Aragón,1986,84,9712.1,5062,94,54.0,18,21.4
Aragón,1987,63,1827.0,4762,106,30.0,11,17.5
Aragón,1988,115,1501.9,3516,216,23362.0,50,43.5
Aragón,1989,190,2241.1,5133,251,139588.0,75,39.5
Aragón,1990,112,1161.1,3770,269,25371.0,32,28.6
Aragón,1991,121,7965.900000000001,7208,468,110472.0,44,36.4
Aragón,1992,98,556.4,2653,105,14376.0,21,21.4
Aragón,1993,97,4604.6,3287,246,38093.0,27,27.8
Aragón,1994,203,48061.799999999996,12528,1005,427110.0,65,32.0
Aragón,1995,105,3815.5,4834,379,70281.0,13,12.4
Aragón,1996,63,229.4,1591,182,1465.0,9,14.3
Aragón,1997,49,459.0,1132,153,2662.0,2,4.1
Aragón,1998,99,642.35,3104,321,4231.0,9,9.1
Aragón,1999,100,547.89,2297,279,56373.0,18,18.0
Aragón,2000,126,2522.11,4357,402,168335.0,27,21.4
Aragón,2001,104,4528.3,3808,507,155595.0,23,22.1
Aragón,2002,111,1453.8600000000001,2865,343,132561.0,57,51.4
Aragón,2003,76,1442.35,3087,413,35917.0,11,14.5
Aragón,2004,96,1179.44,3704,499,490215.0,14,14.6
Aragón,2005,209,2019.8899999999999,4971,623,83607.0,113,54.1
Aragón,2006,78,2340.97,2980,475,202866.0,9,11.5
Aragón,2007,99,1783.95,2439,359,311063.0,21,21.2
Aragón,2008,92,2430.0399999999995,2060,304,49144.0,16,17.4
Aragón,2009,95,19583.46,4836,767,1156174.0,26,27.4
Aragón,2010,83,1091.74,2060,333,54502.0,13,15.7
Aragón,2011,96,823.75,2638,431,144932.0,19,19.8
Aragón,2012,129,8148.150000000001,4159,648,118513.0,10,7.8
Aragón,2013,36,312.07,602,108,8180.0,4,11.1
Aragón,2014,80,378.78,2053,318,71098.0,23,28.7
Aragón,2015,71,7810.93,2414,443,43009.0,8,11.3
Aragón,2016,73,866.44,3223,508,97555.0,22,30.1
Aragón,2017,100,734.8000000000001,3312,551,154950.0,14,14.0
Aragón,2018,48,169.68,1009,149,13689.0,7,14.6
Aragón,2019,80,1293.2902000000001,2871,536,16812.0,7,8.8
Aragón,2020,57,296.94,1924,409,33280.0,4,7.0
Aragón,2021,93,540.8487,2492,431,38673.0,10,10.8
Aragón,2022,141,21465.8022,7556,1098,268383.0,28,19.9
Canarias,1968,5,90.0,186,0,0.0,0,0.0
Canarias,1969,15,545.9,250,2,0.0,0,0.0
Canarias,1970,35,3445.3,854,2,0.0,0,0.0
Canarias,1971,15,241.5,380,6,0.0,0,0.0
Canarias,1972,18,1262.5,1360,5,0.0,0,0.0
Canarias,1973,34,1699.4,1458,18,0.0,0,0.0
Canarias,1974,32,680.3,1152,19,0.0,0,0.0
Canarias,1975,38,6422.5,1752,37,0.0,0,0.0
Canarias,1976,13,43.0,518,9,0.0,0,0.0
Canarias,1977,13,346.5,945,9,7.0,1,7.7
Canarias,1978,31,6748.799999999999,2355,29,15.0,4,12.9
Canarias,1979,12,547.0,845,1,1.0,1,8.3
Canarias,1980,33,2116.8,2037,16,6.0,1,3.0
Canarias,1981,66,4314.1,3817,37,57.0,5,7.6
Canarias,1982,20,78.0,662,11,1.0,1,5.0
Canarias,1983,49,7258.2,3357,58,253.0,11,22.4
Canarias,1984,26,1332.6,2349,46,185.0,10,38.5
Canarias,1985,14,128.5,836,25,3.0,3,21.4
Canarias,1986,30,174.0,1175,16,1.0,1,3.3
Canarias,1987,9,96.2,423,8,0.0,0,0.0
Canarias,1988,44,1317.0,2463,14,4495.0,14,31.8
Canarias,1989,16,210.5,783,44,0.0,0,0.0
Canarias,1990,18,2786.6,1184,48,1905.0,3,16.7
Canarias,1991,32,175.5,1856,116,301.0,1,3.1
Canarias,1992,36,683.0,1973,145,0.0,0,0.0
Canarias,1993,29,181.1,1240,114,0.0,0,0.0
Canarias,1994,63,4740.0,4553,289,0.0,0,0.0
Canarias,1995,27,3625.0000000000005,4171,247,3005.0,2,7.4
Canarias,1996,13,107.5,731,75,481.0,2,15.4
Canarias,1997,20,283.5,1109,83,902.0,1,5.0
Canarias,1998,21,3889.1400000000003,2129,100,22720.0,8,38.1
Canarias,1999,16,144.3,765,123,14244.0,5,31.2
Canarias,2000,28,4343.73,2095,143,153709.0,13,46.4
Canarias,2001,19,277.68,548,60,55393.0,11,57.9
Canarias,2002,9,118.3,387,31,55858.0,2,22.2
Canarias,2003,14,420.3,723,64,168900.0,5,35.7
Canarias,2004,38,317.26,1705,185,143315.0,7,18.4
Canarias,2005,19,2126.41,1730,160,610233.0,8,42.1
Canarias,2006,25,1600.1100000000001,1290,152,0.0,0,0.0
Canarias,2007,28,35745.420000000006,2792,340,371787.0,12,42.9
Canarias,2008,9,413.69,617,81,0.0,0,0.0
Canarias,2009,17,3603.43,1846,137,0.0,0,0.0
Canarias,2010,10,188.25,643,88,0.0,0,0.0
Canarias,2011,13,48.68,546,45,0.0,0,0.0
Canarias,2012,19,12389.07,3163,289,1012941.0,2,10.5
Canarias,2013,15,212.36,568,94,30649.0,2,13.3
Canarias,2014,7,34.52,348,41,0.0,0,0.0
Canarias,2015,13,100.42,696,91,6061.0,2,15.4
Canarias,2016,12,4668.51,1011,121,0.0,0,0.0
Canarias,2017,6,1837.34,347,60,0.0,0,0.0
Canarias,2018,4,409.46,136,35,0.0,0,0.0
Canarias,2019,12,10621.25,1829,329,22544.0,1,8.3
Canarias,2020,5,2032.2685999999999,1062,158,0.0,0,0.0
Canarias,2021,10,3139.2290000000003,851,310,0.0,0,0.0
Canarias,2022,5,2736.7999999999997,746,207,0.0,0,0.0
Cantabria,1968,157,2661.8,1163,11,0.0,0,0.0
Cantabria,1969,64,803.0,445,1,0.0,0,0.0
Cantabria,1970,89,1562.5,623,2,0.0,0,0.0
Cantabria,1971,121,3988.9,1013,4,0.0,0,0.0
Cantabria,1972,64,1208.1,818,2,0.0,0,0.0
Cantabria,1973,190,3360.2,2736,6,0.0,0,0.0
Cantabria,1974,65,2908.2,1098,1,0.0,0,0.0
Cantabria,1975,147,4475.0,3140,7,0.0,0,0.0
Cantabria,1976,203,3605.5,3435,1,0.0,0,0.0
Cantabria,1977,137,5360.5,3193,8,19.0,17,12.4
Cantabria,1978,214,4315.0,3658,8,23.0,21,9.8
Cantabria,1980,224,3268.3,2947,5,16.0,15,6.7
Cantabria,1981,269,4785.6,3590,6,38.0,33,12.3
Cantabria,1982,225,2434.2,2888,1,20.0,17,7.6
Cantabria,1983,168,1921.9,1828,1,14.0,11,6.5
Cantabria,1984,165,1881.5,2072,6,14.0,13,7.9
Cantabria,1985,360,5249.7,5593,55,44.0,35,9.7
Cantabria,1986,95,714.8,1073,11,4.0,4,4.2
Cantabria,1987,189,1768.6,2441,29,19.0,16,8.5
Cantabria,1988,196,1318.7,1641,7,17276.0,152,77.6
Cantabria,1989,1104,18829.9,13340,333,383289.0,787,71.3
Cantabria,1990,351,4882.5,4288,139,167230.0,278,79.2
Cantabria,1991,220,2139.9,1897,41,56312.0,165,75.0
Cantabria,1992,365,4479.9,3312,84,129619.0,280,76.7
Cantabria,1993,192,1953.8,1855,63,75227.0,141,73.4
Cantabria,1994,231,3720.1,2213,60,63954.0,132,57.1
Cantabria,1995,441,5394.9,4234,171,189431.0,365,82.8
Cantabria,1996,287,3372.9,2978,15,828973.0,238,82.9
Cantabria,1997,451,6513.4,5058,239,193848.0,323,71.6
Cantabria,1998,209,2275.85,2138,148,71627.0,133,63.6
Cantabria,1999,341,4609.14,3444,238,297349.0,172,50.4
Cantabria,2000,322,3662.71,3000,122,219932.0,174,54.0
Cantabria,2001,303,2069.76,2930,199,180760.0,158,52.1
Cantabria,2002,396,9126.57,4268,197,147023.0,213,53.8
Cantabria,2003,205,2864.37,2358,108,77697.0,96,46.8
Cantabria,2004,144,1686.76,899,26,18675.0,37,25.7
Cantabria,2005,375,4835.58,3398,263,219239.0,248,66.1
Cantabria,2006,330,4009.0099999999998,3123,166,155526.0,115,34.8
Cantabria,2007,247,3434.06,1770,80,59731.0,96,38.9
Cantabria,2008,379,7587.47,2603,130,83007.0,143,37.7
Cantabria,2009,631,6624.82,4284,220,137621.0,224,35.5
Cantabria,2010,616,7851.78,4747,237,158767.0,254,41.2
Cantabria,2011,602,9598.33,4573,226,126267.0,229,38.0
Cantabria,2012,670,13974.86,4279,268,140331.0,233,34.8
Cantabria,2013,346,4865.21,2545,174,283039.0,220,63.6
Cantabria,2014,638,10026.3,4091,302,316772.0,384,60.2
Cantabria,2015,643,16360.61,4192,398,392183.0,337,52.4
Cantabria,2016,179,2468.7200000000003,1406,125,75188.0,91,50.8
Cantabria,2017,644,12134.08,4108,310,13443.0,123,19.1
Cantabria,2018,356,5331.7699999999995,1876,104,0.0,0,0.0
Cantabria,2019,556,11737.08,3442,276,0.0,0,0.0
Cantabria,2020,428,6065.98,2229,149,0.0,0,0.0
Cantabria,2021,595,15924.5,3523,230,0.0,0,0.0
Castilla y León,1968,310,9167.0,6310,72,146.0,10,3.2
Castilla y León,1969,109,2757.5,2090,26,37.0,5,4.6
Castilla y León,1970,395,13776.4,5049,31,301.0,12,3.0
Castilla y León,1971,134,1977.9,2205,28,54.0,3,2.2
Castilla y León,1972,210,6421.7,3565,39,157.0,8,3.8
Castilla y León,1973,288,4856.9,3745,19,126.0,5,1.7
Castilla y León,1974,529,18047.2,6424,59,103.0,6,1.1
Castilla y León,1975,277,9913.7,5121,54,163.0,7,2.5
Castilla y León,1976,303,6876.8,4378,47,0.0,0,0.0
Castilla y León,1977,255,11600.300000000001,3247,54,22.0,8,3.1
Castilla y León,1978,1142,104580.0,23402,341,359.0,71,6.2
Castilla y León,1979,440,20543.95,10489,121,4663.0,64,14.5
Castilla y León,1980,952,53023.2,37899,630,185.0,60,6.3
Castilla y León,1981,898,29910.9,32137,464,77.0,50,5.6
Castilla y León,1982,703,25791.2,18496,380,35.0,24,3.4
Castilla y León,1983,490,12998.6,14082,279,40.0,26,5.3
Castilla y León,1984,791,27369.1,25407,594,3681.0,27,3.4
Castilla y León,1985,1732,105634.7,68432,1480,402.0,105,6.1
Castilla y León,1986,1108,41169.5,47330,963,239.0,57,5.1
Castilla y León,1987,695,32590.600000000002,24839,733,111.0,56,8.1
Castilla y León,1988,1258,43099.3,35492,1386,136535.0,437,34.7
Castilla y León,1989,2585,70837.6,56834,2702,678185.0,924,35.7
Castilla y León,1990,1604,59076.8,37959,2154,262147.0,408,25.4
Castilla y León,1991,1303,49952.0,31448,2065,355051.0,366,28.1
Castilla y León,1992,1103,18599.2,18063,2154,202841.0,288,26.1
Castilla y León,1993,717,10707.2,17186,1234,235433.0,204,28.5
Castilla y León,1994,1638,43946.2,40466,2907,500784.0,507,31.0
Castilla y León,1995,1334,34669.9,26826,3311,406418.0,441,33.1
Castilla y León,1996,888,17352.4,21237,2380,267255.0,264,29.7
Castilla y León,1997,1216,27830.4,13661,4220,1657963.0,586,48.2
Castilla y León,1998,1396,30974.34,26574,2495,0.0,0,0.0
Castilla y León,1999,1421,29791.32,26766,2497,3800484.0,484,34.1
Castilla y León,2000,1882,66587.57,42487,4499,2589992.0,786,41.8
Castilla y León,2001,1289,28008.75,26615,2753,6537178.0,282,21.9
Castilla y León,2002,918,13589.86,16865,1943,377344.0,217,23.6
Castilla y León,2003,837,39179.17,25941,3049,852426.0,112,13.4
Castilla y León,2004,1126,15536.89,20175,2655,66432.0,36,3.2
Castilla y León,2005,1636,45962.229999999996,30854,3984,873328.0,281,17.2
Castilla y León,2006,739,15529.23,15947,1991,274814.0,55,7.4
Castilla y León,2007,604,9570.53,11790,1558,33587.0,13,2.2
Castilla y León,2008,1047,15983.28,15851,2488,30166.0,13,1.2
Castilla y León,2009,1267,31145.47,23480,3363,171877.0,15,1.2
Castilla y León,2010,391,8756.72,9892,1317,150126.0,52,13.3
Castilla y León,2011,936,17742.73,16089,2299,0.0,0,0.0
Castilla y León,2012,1071,43196.24,17695,2736,0.0,0,0.0
Castilla y León,2013,443,12399.09,11656,1670,0.0,0,0.0
Castilla y León,2014,447,4933.6900000000005,7710,1218,8528.0,1,0.2
Castilla y León,2015,566,13012.83,9574,1816,0.0,0,0.0
Castilla y León,2016,421,11511.82,12815,1800,0.0,0,0.0
Castilla y León,2017,1076,39119.229999999996,23217,3247,0.0,0,0.0
Castilla y León,2018,258,2753.19,4513,700,0.0,0,0.0
Castilla y León,2019,504,9883.86,12427,1931,0.0,0,0.0
Castilla y León,2020,267,4714.93,8026,1212,0.0,0,0.0
Castilla y León,2021,279,26861.94,11364,1355,0.0,0,0.0
Castilla y León,2022,470,69391.83,27314,2771,0.0,0,0.0
Castilla y León,2023,3,11.360000000000001,23,4,0.0,0,0.0
Castilla-La Mancha,1968,69,2548.6,1108,13,48.0,1,1.4
Castilla-La Mancha,1969,57,7501.0,2159,38,3.0,3,5.3
Castilla-La Mancha,1970,72,5150.8,1987,45,36.0,1,1.4
Castilla-La Mancha,1971,26,2403.3,1055,15,66.0,2,7.7
Castilla-La Mancha,1972,38,2334.3,646,42,0.0,0,0.0
Castilla-La Mancha,1973,57,4769.4,1103,45,30.0,1,1.8
Castilla-La Mancha,1974,44,4742.6,2102,48,0.0,0,0.0
Castilla-La Mancha,1975,75,2619.5,1957,47,6.0,1,1.3
Castilla-La Mancha,1976,63,923.7,1151,19,1.0,1,1.6
Castilla-La Mancha,1977,33,1526.5,701,14,6.0,4,12.1
Castilla-La Mancha,1978,103,5768.8,2849,56,64.0,12,11.7
Castilla-La Mancha,1979,60,3865.2,1860,44,18.0,11,18.3
Castilla-La Mancha,1980,182,10633.4,8445,157,27.0,9,4.9
Castilla-La Mancha,1981,205,13283.4,9202,179,129.0,20,9.8
Castilla-La Mancha,1982,133,8641.0,5402,85,33.0,10,7.5
Castilla-La Mancha,1983,131,3534.5,6762,171,26.0,15,11.5
Castilla-La Mancha,1984,137,6711.6,8767,241,51.0,13,9.5
Castilla-La Mancha,1985,243,25063.2,18485,369,114.0,41,16.9
Castilla-La Mancha,1986,152,17815.4,10226,223,137.0,11,7.2
Castilla-La Mancha,1987,143,2801.3,7354,200,82.0,31,21.7
Castilla-La Mancha,1988,177,3098.6,7219,310,59203.0,80,45.2
Castilla-La Mancha,1989,232,4863.5,8555,494,82177.0,94,40.5
Castilla-La Mancha,1990,229,7514.5,9499,593,326198.0,100,43.7
Castilla-La Mancha,1991,289,15944.199999999999,12951,1153,900782.0,132,45.7
Castilla-La Mancha,1992,131,1608.0,4042,313,173598.0,48,36.6
Castilla-La Mancha,1993,201,2389.0,6450,541,196654.0,65,32.3
Castilla-La Mancha,1994,318,65743.8,17793,1457,4515897.0,148,46.5
Castilla-La Mancha,1995,161,965.6,5141,456,227220.0,58,36.0
Castilla-La Mancha,1996,121,1407.2,4639,386,213539.0,30,24.8
Castilla-La Mancha,1997,144,725.9,3258,316,102225.0,53,36.8
Castilla-La Mancha,1998,230,2050.74,5686,645,92643.0,68,29.6
Castilla-La Mancha,1999,239,2893.84,6175,694,321827.0,72,30.1
Castilla-La Mancha,2000,376,13385.539999999999,12145,1677,257518.0,41,10.9
Castilla-La Mancha,2001,402,5838.59,10151,1363,128185.0,56,13.9
Castilla-La Mancha,2002,405,5356.67,9343,1467,198970.0,85,21.0
Castilla-La Mancha,2003,394,10726.22,12134,1886,709761.0,80,20.3
Castilla-La Mancha,2004,577,5598.07,12132,2120,944291.0,123,21.3
Castilla-La Mancha,2005,431,20497.11,10673,1551,1153871.0,118,27.4
Castilla-La Mancha,2006,202,2862.71,6122,1084,567252.0,34,16.8
Castilla-La Mancha,2007,211,1929.41,4297,717,302843.0,101,47.9
Castilla-La Mancha,2008,194,1862.98,3865,595,202091.0,85,43.8
Castilla-La Mancha,2009,232,8071.04,8819,1242,1235318.0,39,16.8
Castilla-La Mancha,2010,97,543.53,3336,478,0.0,0,0.0
Castilla-La Mancha,2011,217,2052.62,4939,830,10006.0,3,1.4
Castilla-La Mancha,2012,315,12897.34,9448,1699,0.0,0,0.0
Castilla-La Mancha,2013,230,4795.97,6837,1374,0.0,0,0.0
Castilla-La Mancha,2014,207,5241.38,5403,957,0.0,0,0.0
Castilla-La Mancha,2015,259,3572.61,6387,1106,0.0,0,0.0
Castilla-La Mancha,2016,213,3309.8,6184,1119,0.0,0,0.0
Castilla-La Mancha,2017,259,6242.17,7688,1261,0.0,0,0.0
Castilla-La Mancha,2018,129,1176.34,3291,690,0.0,0,0.0
Castilla-La Mancha,2019,226,9080.89,11611,2034,0.0,0,0.0
Castilla-La Mancha,2020,220,2638.2869,6391,1172,0.0,0,0.0
Castilla-La Mancha,2021,180,6213.1429,7079,1322,0.0,0,0.0
Castilla-La Mancha,2022,246,13573.05,12409,2223,0.0,0,0.0
Cataluña,1968,114,1545.8999999999999,1490,51,0.0,0,0.0
Cataluña,1969,90,1158.9,1056,34,0.0,0,0.0
Cataluña,1970,323,13224.0,7576,199,0.0,0,0.0
Cataluña,1971,225,3900.7,2151,112,0.0,0,0.0
Cataluña,1972,72,2913.9,1202,72,0.0,0,0.0
Cataluña,1973,541,19548.3,8784,372,0.0,0,0.0
Cataluña,1974,274,13031.0,6217,278,0.0,0,0.0
Cataluña,1975,286,5509.1,2424,143,0.0,0,0.0
Cataluña,1976,340,8915.5,3460,181,0.0,0,0.0
Cataluña,1977,109,1773.7,959,61,17.0,15,13.8
Cataluña,1978,608,32726.399999999998,9637,446,199.0,117,19.2
Cataluña,1979,472,9621.0,8331,523,196.0,107,22.7
Cataluña,1980,492,24540.0,16083,1053,179.0,82,16.7
Cataluña,1981,449,20858.3,13226,1021,751.0,50,11.1
Cataluña,1982,353,17793.9,14128,986,265.0,56,15.9
Cataluña,1983,414,23872.7,23223,1564,779.0,121,29.2
Cataluña,1984,266,9432.5,11353,992,262.0,74,27.8
Cataluña,1985,492,13220.3,22711,1600,1170.0,177,36.0
Cataluña,1986,406,67191.4,25459,1477,3077.0,222,54.7
Cataluña,1987,181,1909.4,8646,7,0.0,0,0.0
Cataluña,1988,302,1752.0,0,0,0.0,0,0.0
Cataluña,1989,340,4234.0,0,0,0.0,0,0.0
Cataluña,1990,267,1143.0,0,0,0.0,0,0.0
Cataluña,1991,336,5422.0,0,0,0.0,0,0.0
Cataluña,1992,109,1442.3,3216,691,0.0,0,0.0
Cataluña,1993,236,6554.2,10344,2227,673.0,1,0.4
Cataluña,1994,469,71259.2,33869,6078,0.0,0,0.0
Cataluña,1995,161,6956.200000000001,6684,1497,613.0,1,0.6
Cataluña,1996,76,970.8,2250,585,66195.0,1,1.3
Cataluña,1997,110,846.0600000000001,4021,828,0.0,0,0.0
Cataluña,1998,196,20875.95,10503,2147,0.0,0,0.0
Cataluña,1999,172,1147.8600000000001,4840,1268,0.0,0,0.0
Cataluña,2000,138,8251.55,5861,1398,0.0,0,0.0
Cataluña,2001,111,2906.33,5526,1454,0.0,0,0.0
Cataluña,2002,99,2033.35,4069,1030,0.0,0,0.0
Cataluña,2003,133,9781.83,11031,2338,0.0,0,0.0
Cataluña,2004,94,996.2,4027,880,0.0,0,0.0
Cataluña,2005,183,5377.29,15030,2849,0.0,0,0.0
Cataluña,2006,90,3331.44,8455,2035,0.0,0,0.0
Cataluña,2007,88,1541.2,7715,1945,0.0,0,0.0
Cataluña,2008,53,524.61,1742,394,0.0,0,0.0
Cataluña,2009,86,3366.46,9400,1964,0.0,0,0.0
Cataluña,2010,41,570.37,3093,649,0.0,0,0.0
Cataluña,2011,72,1019.02,4142,867,0.0,0,0.0
Cataluña,2012,104,14922.98,11048,1907,0.0,0,0.0
Cataluña,2013,48,994.61,3749,968,0.0,0,0.0
Cataluña,2014,46,1507.0800000000002,2346,495,0.0,0,0.0
Cataluña,2015,67,1541.39,5046,1097,0.0,0,0.0
Cataluña,2016,64,1955.83,5380,1415,0.0,0,0.0
Cataluña,2017,82,1211.44,6185,1571,0.0,0,0.0
Cataluña,2018,31,101.97,1391,369,0.0,0,0.0
Cataluña,2019,57,5013.849999999999,4772,849,0.0,0,0.0
Cataluña,2020,26,102.07,1332,291,0.0,0,0.0
Cataluña,2021,61,2358.02,5586,1490,0.0,0,0.0
Cataluña,2022,76,5768.5041,6946,1894,0.0,0,0.0
Ceuta,1991,1,2.0,10,1,0.0,0,0.0
Ceuta,1993,1,95.0,11,2,0.0,0,0.0
Ceuta,1995,2,5.0,13,5,0.0,0,0.0
Ceuta,2004,3,21.0,120,22,0.0,0,0.0
Ceuta,2008,1,2.0,20,5,0.0,0,0.0
Ceuta,2009,2,3.5,47,8,0.0,0,0.0
Ceuta,2014,1,28.55,80,30,0.0,0,0.0
Ceuta,2015,1,30.0,215,29,0.0,0,0.0
Ceuta,2016,1,3.0,6,2,0.0,0,0.0
Ceuta,2018,1,72.91,110,6,0.0,0,0.0
Ceuta,2019,2,53.71,258,34,0.0,0,0.0
Ceuta,2022,2,117.87,206,44,0.0,0,0.0
Comunidad Foral de Navarra,1985,80,1888.8,1953,26,0.0,0,0.0
Comunidad Foral de Navarra,1986,64,1161.8,1181,1,0.0,0,0.0
Comunidad Foral de Navarra,1987,29,597.6999999999999,777,17,0.0,0,0.0
Comunidad Foral de Navarra,1989,302,7146.5,5506,507,2434.0,2,0.7
Comunidad Foral de Navarra,1990,73,675.0,1228,205,0.0,0,0.0
Comunidad Foral de Navarra,1991,71,527.6,1515,192,0.0,0,0.0
Comunidad Foral de Navarra,1992,70,540.5,778,166,0.0,0,0.0
Comunidad Foral de Navarra,1993,111,866.8,1154,133,0.0,0,0.0
Comunidad Foral de Navarra,1994,141,2608.9,1681,246,0.0,0,0.0
Comunidad Foral de Navarra,2002,71,2233.4,879,124,0.0,0,0.0
Comunidad Foral de Navarra,2003,130,438.42,1134,232,0.0,0,0.0
Comunidad Foral de Navarra,2004,80,294.79,776,227,1350.0,1,1.2
Comunidad Foral de Navarra,2005,175,1275.51,1717,398,0.0,0,0.0
Comunidad Foral de Navarra,2006,82,483.07,543,114,0.0,0,0.0
Comunidad Foral de Navarra,2007,108,432.09999999999997,1094,274,0.0,0,0.0
Comunidad Foral de Navarra,2008,159,1069.63,1238,370,0.0,0,0.0
Comunidad Foral de Navarra,2009,191,1674.43,1510,548,0.0,0,0.0
Comunidad Foral de Navarra,2010,100,582.49,965,395,0.0,0,0.0
Comunidad Foral de Navarra,2011,115,534.04,1247,357,0.0,0,0.0
Comunidad Foral de Navarra,2012,208,1612.8500000000001,1816,573,0.0,0,0.0
Comunidad Foral de Navarra,2013,75,323.86,602,232,0.0,0,0.0
Comunidad Foral de Navarra,2014,108,884.25,635,197,0.0,0,0.0
Comunidad Foral de Navarra,2015,101,1046.1399999999999,753,305,0.0,0,0.0
Comunidad Foral de Navarra,2016,75,1691.4899999999998,665,209,0.0,0,0.0
Comunidad Foral de Navarra,2017,178,1289.2,1051,306,0.0,0,0.0
Comunidad Foral de Navarra,2018,86,363.27,554,220,0.0,0,0.0
Comunidad Foral de Navarra,2019,259,1849.78,1678,636,0.0,0,0.0
Comunidad Foral de Navarra,2020,118,491.04,885,356,0.0,0,0.0
Comunidad Foral de Navarra,2021,122,2457.0706,1078,392,0.0,0,0.0
Comunidad Valenciana,1968,91,5773.0,3644,36,0.0,0,0.0
Comunidad Valenciana,1969,54,2317.5,3554,22,0.0,0,0.0
Comunidad Valenciana,1970,115,19452.9,9409,37,1.0,1,0.9
Comunidad Valenciana,1971,64,5655.1,3738,18,0.0,0,0.0
Comunidad Valenciana,1972,19,758.3,849,5,0.0,0,0.0
Comunidad Valenciana,1973,102,5047.2,3112,57,0.0,0,0.0
Comunidad Valenciana,1974,237,15710.3,9873,129,0.0,0,0.0
Comunidad Valenciana,1975,174,7988.3,4207,66,0.0,0,0.0
Comunidad Valenciana,1976,157,6146.8,4457,102,0.0,0,0.0
Comunidad Valenciana,1977,135,9187.1,5277,84,13.0,5,3.7
Comunidad Valenciana,1978,461,69236.7,17464,218,48.0,19,4.1
Comunidad Valenciana,1979,223,30850.1,7028,144,29.0,13,5.8
Comunidad Valenciana,1980,349,28219.7,16634,243,32.0,18,5.2
Comunidad Valenciana,1981,519,30244.8,20452,334,48.0,21,4.0
Comunidad Valenciana,1982,279,13901.5,11642,140,70.0,15,5.4
Comunidad Valenciana,1983,339,15549.4,16613,315,36.0,21,6.2
Comunidad Valenciana,1984,333,22474.2,17624,389,82.0,25,7.5
Comunidad Valenciana,1985,335,39352.1,18639,353,70.0,27,8.1
Comunidad Valenciana,1986,217,9360.9,12087,342,25.0,13,6.0
Comunidad Valenciana,1987,190,5677.4,8979,275,112.0,13,6.8
Comunidad Valenciana,1988,159,2674.9,6858,418,40961.0,50,31.4
Comunidad Valenciana,1989,146,1476.5,5091,374,20168.0,34,23.3
Comunidad Valenciana,1990,328,27493.8,14272,1136,556050.0,112,34.1
Comunidad Valenciana,1991,461,44344.8,22167,1827,633536.0,127,27.5
Comunidad Valenciana,1992,386,26110.1,20578,1494,254031.0,11,2.8
Comunidad Valenciana,1993,339,27433.7,18156,1851,1173235.0,98,28.9
Comunidad Valenciana,1994,318,126921.9,18967,2108,42071.0,1,0.3
Comunidad Valenciana,1995,155,2162.2,7860,964,0.0,0,0.0
Comunidad Valenciana,1996,105,725.2,5807,686,0.0,0,0.0
Comunidad Valenciana,1997,83,861.8,3754,511,0.0,0,0.0
Comunidad Valenciana,1998,155,1896.57,7944,1359,0.0,0,0.0
Comunidad Valenciana,1999,161,6299.05,10288,1294,51663.0,1,0.6
Comunidad Valenciana,2000,142,6474.969999999999,9438,1259,0.0,0,0.0
Comunidad Valenciana,2001,105,4745.38,5958,846,0.0,0,0.0
Comunidad Valenciana,2002,62,1164.29,3022,401,0.0,0,0.0
Comunidad Valenciana,2003,85,3289.16,4271,654,0.0,0,0.0
Comunidad Valenciana,2004,90,1047.63,4124,574,0.0,0,0.0
Comunidad Valenciana,2005,145,3207.91,6913,1003,0.0,0,0.0
Comunidad Valenciana,2006,102,3421.73,5564,831,0.0,0,0.0
Comunidad Valenciana,2007,91,8177.25,4600,656,0.0,0,0.0
Comunidad Valenciana,2008,50,691.64,3066,388,0.0,0,0.0
Comunidad Valenciana,2009,84,2883.4,6328,969,0.0,0,0.0
Comunidad Valenciana,2010,65,5615.91,5143,721,0.0,0,0.0
Comunidad Valenciana,2011,86,2377.88,8219,770,0.0,0,0.0
Comunidad Valenciana,2012,122,58929.5,11674,1695,0.0,0,0.0
Comunidad Valenciana,2013,64,1400.1299999999999,3870,614,0.0,0,0.0
Comunidad Valenciana,2014,107,1816.52,9819,1309,0.0,0,0.0
Comunidad Valenciana,2015,48,2382.55,3502,496,0.0,0,0.0
Comunidad Valenciana,2016,72,6877.64,7362,989,0.0,0,0.0
Comunidad Valenciana,2017,41,1963.01,2633,454,0.0,0,0.0
Comunidad Valenciana,2018,48,3700.6196000000004,3212,502,0.0,0,0.0
Comunidad Valenciana,2019,27,951.4122000000001,1601,290,0.0,0,0.0
Comunidad Valenciana,2020,38,655.1235,2794,456,0.0,0,0.0
Comunidad Valenciana,2021,30,759.9923,2157,345,0.0,0,0.0
Comunidad Valenciana,2022,43,30097.423899999998,6409,922,0.0,0,0.0
Comunidad de Madrid,1968,81,3290.8,3552,53,47.0,2,2.5
Comunidad de Madrid,1969,37,844.1,330,11,8.0,3,8.1
Comunidad de Madrid,1970,43,304.8,326,2,2.0,1,2.3
Comunidad de Madrid,1971,20,125.0,354,7,0.0,0,0.0
Comunidad de Madrid,1972,41,159.1,0,0,0.0,0,0.0
Comunidad de Madrid,1973,31,243.5,123,2,0.0,0,0.0
Comunidad de Madrid,1974,67,512.2,366,14,0.0,0,0.0
Comunidad de Madrid,1975,52,736.7,1073,14,0.0,0,0.0
Comunidad de Madrid,1976,22,208.0,39,2,0.0,0,0.0
Comunidad de Madrid,1977,17,713.8,937,19,19.0,2,11.8
Comunidad de Madrid,1978,55,4294.2,1841,34,19.0,10,18.2
Comunidad de Madrid,1979,60,731.9,620,25,11.0,8,13.3
Comunidad de Madrid,1980,85,3257.9,4357,169,36.0,10,11.8
Comunidad de Madrid,1981,111,1050.3,4609,179,13.0,12,10.8
Comunidad de Madrid,1982,17,153.7,847,31,5.0,3,17.6
Comunidad de Madrid,1983,40,349.7,1727,80,5.0,3,7.5
Comunidad de Madrid,1984,69,481.4,2631,113,3.0,2,2.9
Comunidad de Madrid,1985,85,9881.2,5156,246,365.0,27,31.8
Comunidad de Madrid,1986,69,2564.8,3463,157,101.0,23,33.3
Comunidad de Madrid,1987,170,973.0,1531,277,0.0,0,0.0
Comunidad de Madrid,1988,7,35.0,251,25,0.0,0,0.0
Comunidad de Madrid,1989,50,614.2,1114,67,902.0,1,2.0
Comunidad de Madrid,1990,73,2028.9,1961,235,0.0,0,0.0
Comunidad de Madrid,1991,63,1921.4,2889,195,571.0,2,3.2
Comunidad de Madrid,1992,62,779.4,1460,169,0.0,0,0.0
Comunidad de Madrid,1993,24,70.8,790,104,0.0,0,0.0
Comunidad de Madrid,1994,129,1474.8,2116,534,0.0,0,0.0
Comunidad de Madrid,1995,80,1366.3000000000002,1621,404,0.0,0,0.0
Comunidad de Madrid,1996,26,50.0,560,133,0.0,0,0.0
Comunidad de Madrid,1997,29,54.0,496,71,0.0,0,0.0
Comunidad de Madrid,1998,58,223.7,1791,268,0.0,0,0.0
Comunidad de Madrid,1999,94,1074.94,3237,457,0.0,0,0.0
Comunidad de Madrid,2000,139,2243.9,5668,844,0.0,0,0.0
Comunidad de Madrid,2001,128,1764.7,4899,687,0.0,0,0.0
Comunidad de Madrid,2002,115,2364.5299999999997,5292,810,0.0,0,0.0
Comunidad de Madrid,2003,129,2798.58,7135,1019,0.0,0,0.0
Comunidad de Madrid,2004,139,1710.77,5602,941,0.0,0,0.0
Comunidad de Madrid,2005,131,790.42,5640,913,0.0,0,0.0
Comunidad de Madrid,2006,75,1055.26,3318,533,0.0,0,0.0
Comunidad de Madrid,2007,68,414.77,3379,507,0.0,0,0.0
Comunidad de Madrid,2008,52,308.15,2453,367,0.0,0,0.0
Comunidad de Madrid,2009,58,272.79,2543,367,0.0,0,0.0
Comunidad de Madrid,2010,21,78.43,806,115,0.0,0,0.0
Comunidad de Madrid,2011,60,332.48,2382,422,0.0,0,0.0
Comunidad de Madrid,2012,85,2326.34,5181,688,0.0,0,0.0
Comunidad de Madrid,2013,52,1277.67,2431,470,0.0,0,0.0
Comunidad de Madrid,2014,66,298.98,2611,466,0.0,0,0.0
Comunidad de Madrid,2015,73,533.74,2993,567,0.0,0,0.0
Comunidad de Madrid,2016,53,397.28,1878,384,0.0,0,0.0
Comunidad de Madrid,2017,57,221.55,1825,379,0.0,0,0.0
Comunidad de Madrid,2018,22,62.95,761,152,0.0,0,0.0
Comunidad de Madrid,2019,78,836.22,3762,765,0.0,0,0.0
Comunidad de Madrid,2020,39,1446.6599999999999,2425,483,0.0,0,0.0
Comunidad de Madrid,2021,56,450.8,2793,581,0.0,0,0.0
Comunidad de Madrid,2022,47,605.9,3114,713,0.0,0,0.0
Extremadura,1968,67,5685.5,1975,17,2.0,1,1.5
Extremadura,1969,34,7495.0,3810,27,4.0,2,5.9
Extremadura,1970,27,553.5,567,4,0.0,0,0.0
Extremadura,1971,25,1536.0,1009,19,0.0,0,0.0
Extremadura,1972,43,1123.7,760,9,0.0,0,0.0
Extremadura,1973,69,2963.8,691,20,0.0,0,0.0
Extremadura,1974,103,4491.3,1663,14,0.0,0,0.0
Extremadura,1975,73,5055.6,817,7,1.0,1,1.4
Extremadura,1976,46,5505.4,372,6,0.0,0,0.0
Extremadura,1977,67,5776.8,1261,16,4.0,4,6.0
Extremadura,1978,120,10342.6,1483,14,17.0,11,9.2
Extremadura,1979,148,16944.4,848,9,8.0,7,4.7
Extremadura,1980,293,35017.2,14280,201,68.0,20,6.8
Extremadura,1981,229,13270.6,8030,64,26.0,9,3.9
Extremadura,1982,128,3009.2,3421,60,3.0,3,2.3
Extremadura,1983,169,5127.3,6746,86,19.0,8,4.7
Extremadura,1984,319,23035.0,14507,290,20.0,11,3.4
Extremadura,1985,477,71289.7,25010,343,103.0,30,6.3
Extremadura,1986,361,39386.1,16845,345,9.0,5,1.4
Extremadura,1987,400,18946.2,14470,501,16.0,8,2.0
Extremadura,1988,341,8992.6,8629,327,3731.0,8,2.3
Extremadura,1989,661,25594.2,16440,887,643317.0,111,16.8
Extremadura,1990,489,12905.6,10933,705,9446.0,16,3.3
Extremadura,1991,680,46642.7,19784,1366,517.0,7,1.0
Extremadura,1992,362,5753.9,7676,634,0.0,0,0.0
Extremadura,1993,320,2583.0,6535,515,0.0,0,0.0
Extremadura,1994,541,6003.2,10464,897,4466.0,2,0.4
Extremadura,1995,544,4166.1,10971,1020,6.0,1,0.2
Extremadura,1996,401,4017.6,5623,737,0.0,0,0.0
Extremadura,1997,303,2366.8,4066,414,0.0,0,0.0
Extremadura,1998,480,6019.17,8610,805,0.0,0,0.0
Extremadura,1999,388,3500.82,7116,719,0.0,0,0.0
Extremadura,2000,572,6444.6,11681,1206,186.0,1,0.2
Extremadura,2001,575,11327.01,13068,1381,0.0,0,0.0
Extremadura,2002,608,11038.199999999999,12293,1422,3000.0,1,0.2
Extremadura,2003,627,37040.31,18722,2061,0.0,0,0.0
Extremadura,2004,783,15965.5,17941,2097,0.0,0,0.0
Extremadura,2005,518,19493.5,11364,1573,0.0,0,0.0
Extremadura,2006,398,8663.49,10220,1492,107837.0,1,0.3
Extremadura,2007,326,5949.09,7300,1038,0.0,0,0.0
Extremadura,2008,370,2213.34,6322,862,0.0,0,0.0
Extremadura,2009,364,5943.37,7898,1224,0.0,0,0.0
Extremadura,2010,218,2170.55,4659,669,0.0,0,0.0
Extremadura,2011,439,4339.87,8590,1309,0.0,0,0.0
Extremadura,2012,317,3295.43,6669,1297,0.0,0,0.0
Extremadura,2013,290,5335.2,8360,1170,0.0,0,0.0
Extremadura,2014,283,4116.95,6272,938,0.0,0,0.0
Extremadura,2015,393,12651.76,11487,1408,0.0,0,0.0
Extremadura,2016,297,6216.36,7496,1654,0.0,0,0.0
Extremadura,2017,473,7894.69,10290,2282,0.0,0,0.0
Extremadura,2018,298,3678.0,6378,1500,0.0,0,0.0
Extremadura,2019,425,4964.71,8789,2123,0.0,0,0.0
Extremadura,2020,289,8311.94,6828,1702,0.0,0,0.0
Extremadura,2021,318,5789.23,7953,1835,0.0,0,0.0
Extremadura,2022,320,18433.59,10090,2552,0.0,0,0.0
Galicia,1968,292,11377.5,7338,39,1.0,1,0.3
Galicia,1969,425,19574.0,9367,39,2.0,2,0.5
Galicia,1970,847,17320.2,9864,47,3.0,3,0.4
Galicia,1971,375,7376.7,4285,13,0.0,0,0.0
Galicia,1972,917,28992.8,15409,114,2.0,2,0.2
Galicia,1973,1236,31467.3,14225,158,10.0,9,0.7
Galicia,1974,1251,42558.8,16635,140,0.0,0,0.0
Galicia,1975,1701,75637.6,30580,276,0.0,0,0.0
Galicia,1976,1779,59002.5,25150,290,0.0,0,0.0
Galicia,1977,293,3889.7,2483,37,7.0,7,2.4
Galicia,1978,3304,119264.5,32626,461,232.0,190,5.8
Galicia,1979,2987,79752.4,26878,510,165.0,141,4.7
Galicia,1980,1661,24370.6,28864,509,59.0,56,3.4
Galicia,1981,4460,113465.1,82936,1195,438.0,331,7.4
Galicia,1982,1979,36095.2,39445,647,129.0,104,5.3
Galicia,1983,630,8359.3,7905,102,17.0,16,2.5
Galicia,1984,2447,38701.7,38842,864,198.0,154,6.3
Galicia,1985,4185,107153.6,83563,1870,300.0,226,5.4
Galicia,1986,2050,30854.0,38793,1242,147.0,76,3.7
Galicia,1987,3368,60329.8,57670,2135,372.0,233,6.9
Galicia,1988,3082,38041.2,48902,2275,387873.0,2196,71.3
Galicia,1989,7271,198614.2,142184,8680,5754373.0,5403,74.3
Galicia,1990,2741,50798.8,61252,4959,630442.0,870,31.7
Galicia,1991,1925,12115.1,32757,3346,16459.0,138,7.2
Galicia,1992,2768,11039.5,31226,2709,379410.0,443,16.0
Galicia,1993,1492,6921.3,26425,2823,742496.0,367,24.6
Galicia,1994,2388,14192.1,36398,4419,497589.0,407,17.0
Galicia,1995,4863,44175.52,72416,8788,2101900.0,995,20.5
Galicia,1996,2900,22434.86,47106,7337,894550.0,444,15.3
Galicia,1997,3690,26410.86,47999,6459,1813188.0,1035,28.0
Galicia,1998,3673,47119.07,62402,7907,2247140.0,823,22.4
Galicia,1999,1957,9322.33,26671,3671,658410.0,366,18.7
Galicia,2000,3624,44217.66,56121,7748,7898715.0,485,13.4
Galicia,2001,2674,16863.94,36971,5286,1102494.0,519,19.4
Galicia,2002,3139,24534.83,47841,7169,11909084.0,575,18.3
Galicia,2003,2278,18552.12,39593,6849,1010660.0,368,16.2
Galicia,2004,2857,30473.38,45008,8187,2154496.0,589,20.6
Galicia,2005,3191,55751.12,58100,9470,3297903.0,617,19.3
Galicia,2006,2103,94917.58,47050,8139,3850170.0,485,23.1
Galicia,2007,742,6593.22,11860,1927,664433.0,85,11.5
Galicia,2008,712,5939.81,10549,1563,320490.0,86,12.1
Galicia,2009,1085,10115.48,22112,3950,1012391.0,148,13.6
Galicia,2010,977,14258.92,26388,4789,1746179.0,151,15.5
Galicia,2011,1960,41003.63,38791,8195,3611847.0,338,17.2
Galicia,2012,1074,14927.24,19547,3820,673818.0,160,14.9
Galicia,2013,825,19204.26,26992,5428,2977142.0,169,20.5
Galicia,2014,228,1583.93,5485,1009,126618.0,27,11.8
Galicia,2015,730,11813.05,22729,4450,1584985.0,107,14.7
Galicia,2016,520,21208.09,23975,4201,2393782.0,102,19.6
Galicia,2017,931,61816.83,33042,6009,1570873.0,123,13.2
Galicia,2018,236,2406.7599999999998,10711,1830,695865.0,43,18.2
Galicia,2019,386,6613.5,12394,2290,432840.0,66,17.1
Galicia,2020,341,14746.960000000001,17972,3715,12589739.0,340,99.7
Galicia,2021,186,4250.22,7821,1670,5109882.0,185,99.5
Galicia,2022,355,51915.619999999995,23944,4622,23903442.0,355,100.0
Islas Baleares,1968,18,206.9,841,2,0.0,0,0.0
Islas Baleares,1969,13,111.0,194,1,0.0,0,0.0
Islas Baleares,1970,29,551.5,724,3,0.0,0,0.0
Islas Baleares,1971,21,562.5,1060,5,0.0,0,0.0
Islas Baleares,1972,12,215.0,209,3,0.0,0,0.0
Islas Baleares,1973,49,694.4,891,16,0.0,0,0.0
Islas Baleares,1974,47,3480.3,1595,36,0.0,0,0.0
Islas Baleares,1975,45,2017.4,2149,28,0.0,0,0.0
Islas Baleares,1976,56,1712.4,926,19,0.0,0,0.0
Islas Baleares,1977,47,3079.7,561,28,10.0,3,6.4
Islas Baleares,1978,82,3271.1,1632,44,9.0,4,4.9
Islas Baleares,1979,73,2891.6,1080,37,18.0,10,13.7
Islas Baleares,1980,71,2080.6,1887,117,12.0,8,11.3
Islas Baleares,1981,92,1808.2,2989,159,31.0,22,23.9
Islas Baleares,1982,43,577.3,1535,91,13.0,9,20.9
Islas Baleares,1983,55,3223.7,2988,132,56.0,19,34.5
Islas Baleares,1984,41,385.5,1566,127,13.0,13,31.7
Islas Baleares,1985,49,537.6999999999999,1554,155,10.0,9,18.4
Islas Baleares,1986,43,493.09999999999997,1444,122,3.0,2,4.7
Islas Baleares,1987,60,997.8000000000001,1968,171,20.0,8,13.3
Islas Baleares,1988,38,551.8,1438,139,10962.0,28,73.7
Islas Baleares,1989,24,352.3,878,70,1239.0,3,12.5
Islas Baleares,1990,56,1753.4,2348,233,0.0,0,0.0
Islas Baleares,1991,37,445.0,1380,163,0.0,0,0.0
Islas Baleares,1992,34,2474.8,1899,238,0.0,0,0.0
Islas Baleares,1993,52,1683.3,4090,522,37655.0,6,11.5
Islas Baleares,1994,41,2436.4,2699,305,6010.0,1,2.4
Islas Baleares,1995,19,408.5,1808,236,0.0,0,0.0
Islas Baleares,1996,9,76.0,526,53,0.0,0,0.0
Islas Baleares,1997,13,57.2,693,93,0.0,0,0.0
Islas Baleares,1998,16,157.1,927,138,0.0,0,0.0
Islas Baleares,1999,38,1571.5,2323,294,0.0,0,0.0
Islas Baleares,2000,25,978.24,1297,170,0.0,0,0.0
Islas Baleares,2001,17,321.7,1198,168,0.0,0,0.0
Islas Baleares,2002,10,52.7,443,69,0.0,0,0.0
Islas Baleares,2003,16,210.63,1049,178,0.0,0,0.0
Islas Baleares,2004,29,117.5,1163,237,0.0,0,0.0
Islas Baleares,2005,16,336.11,932,168,298571.0,16,100.0
Islas Baleares,2006,10,154.76999999999998,573,76,329021.0,10,100.0
Islas Baleares,2007,7,112.96000000000001,389,58,0.0,0,0.0
Islas Baleares,2008,4,34.2,228,29,0.0,0,0.0
Islas Baleares,2009,12,97.58,878,104,0.0,0,0.0
Islas Baleares,2010,15,595.5699999999999,1143,124,0.0,0,0.0
Islas Baleares,2011,29,2320.3,2344,373,0.0,0,0.0
Islas Baleares,2012,36,390.9,2551,355,0.0,0,0.0
Islas Baleares,2013,9,2837.2200000000003,1024,94,0.0,0,0.0
Islas Baleares,2014,6,49.1,310,47,0.0,0,0.0
Islas Baleares,2015,9,97.95,342,64,0.0,0,0.0
Islas Baleares,2016,17,208.44,747,153,0.0,0,0.0
Islas Baleares,2017,15,166.02,815,131,0.0,0,0.0
Islas Baleares,2018,3,27.450000000000003,176,32,0.0,0,0.0
Islas Baleares,2019,8,94.98,363,84,0.0,0,0.0
Islas Baleares,2020,7,470.04,471,77,0.0,0,0.0
Islas Baleares,2021,9,95.16,558,81,0.0,0,0.0
Islas Baleares,2022,3,5.75,90,22,0.0,0,0.0
La Rioja,1968,16,707.4,439,1,0.0,0,0.0
La Rioja,1969,7,38.0,23,0,0.0,0,0.0
La Rioja,1970,13,73.0,0,0,0.0,0,0.0
La Rioja,1971,19,221.0,200,2,0.0,0,0.0
La Rioja,1972,4,80.5,67,0,0.0,0,0.0
La Rioja,1973,16,278.5,209,9,0.0,0,0.0
La Rioja,1974,8,25.0,80,0,0.0,0,0.0
La Rioja,1975,15,479.5,165,1,0.0,0,0.0
La Rioja,1976,20,120.2,106,1,0.0,0,0.0
La Rioja,1977,6,40.0,102,1,0.0,0,0.0
La Rioja,1978,39,1764.5,405,2,3.0,3,7.7
La Rioja,1979,33,1643.4,514,1,1.0,1,3.0
La Rioja,1980,65,1233.7,1181,15,6.0,2,3.1
La Rioja,1981,97,3229.3,1655,13,5.0,5,5.2
La Rioja,1982,55,1701.1,1301,14,5.0,3,5.5
La Rioja,1983,35,762.0,716,13,4.0,3,8.6
La Rioja,1984,49,1061.5,1106,7,2.0,2,4.1
La Rioja,1985,84,3832.8,3085,40,27.0,14,16.7
La Rioja,1986,42,2801.6,1577,10,21.0,7,16.7
La Rioja,1987,15,155.0,519,11,8.0,6,40.0
La Rioja,1988,42,472.9,730,9,11058.0,37,88.1
La Rioja,1989,118,1524.3,2353,36,0.0,0,0.0
La Rioja,1990,35,282.2,571,18,0.0,0,0.0
La Rioja,1991,33,346.8,791,45,30859.0,33,100.0
La Rioja,1992,44,95.4,505,20,7312.0,42,95.5
La Rioja,1993,27,218.8,557,59,25810.0,27,100.0
La Rioja,1994,62,491.1,1203,107,41580.0,47,75.8
La Rioja,1995,91,443.2,1178,77,53558.0,89,97.8
La Rioja,1996,33,89.6,325,27,18202.0,32,97.0
La Rioja,1997,20,44.4,190,13,4801.0,19,95.0
La Rioja,1998,47,166.82,529,29,622273.0,46,97.9
La Rioja,1999,36,158.75,351,27,5016.0,35,97.2
La Rioja,2000,60,189.15,593,55,23232.0,58,96.7
La Rioja,2001,47,298.67,581,63,11865.0,43,91.5
La Rioja,2002,41,141.82,487,40,24943.0,36,87.8
La Rioja,2003,20,100.47,386,46,40017.0,19,95.0
La Rioja,2004,7,28.92,96,13,1256.0,6,85.7
La Rioja,2005,33,158.2,518,74,53707.0,31,93.9
La Rioja,2006,12,36.69,238,37,20798.0,12,100.0
La Rioja,2007,20,50.45,256,31,17420.0,20,100.0
La Rioja,2008,15,52.57,171,25,25943.0,15,100.0
La Rioja,2009,29,317.11,1198,127,939965.0,29,100.0
La Rioja,2010,24,264.26,462,66,217030.0,22,91.7
La Rioja,2011,24,49.93,282,42,112974.0,23,95.8
La Rioja,2012,28,90.05,315,63,114441.0,27,96.4
La Rioja,2013,6,21.99,132,29,45572.0,5,83.3
La Rioja,2014,20,83.5,338,62,108634.0,20,100.0
La Rioja,2015,17,271.49,382,65,184444.0,17,100.0
La Rioja,2016,12,84.37,313,70,119253.0,8,66.7
La Rioja,2017,17,233.06,489,99,566267.0,7,41.2
La Rioja,2018,8,50.62,137,33,42513.0,6,75.0
La Rioja,2019,13,37.5,162,41,4881.0,4,30.8
La Rioja,2020,6,12.2,112,24,348.0,1,16.7
La Rioja,2021,24,442.44,830,168,1212758.0,8,33.3
La Rioja,2022,21,183.94,560,118,260675.0,6,28.6
País Vasco,1968,14,133.7,298,3,0.0,0,0.0
País Vasco,1969,14,594.1,525,6,0.0,0,0.0
País Vasco,1970,15,110.4,252,1,0.0,0,0.0
País Vasco,1971,18,518.5,463,5,0.0,0,0.0
País Vasco,1972,10,384.0,186,1,0.0,0,0.0
País Vasco,1973,24,526.4,688,12,0.0,0,0.0
País Vasco,1974,22,207.6,175,4,0.0,0,0.0
País Vasco,1975,29,2628.5,2019,25,0.0,0,0.0
País Vasco,1976,26,231.6,364,3,0.0,0,0.0
País Vasco,1977,25,669.0,821,8,4.0,2,8.0
País Vasco,1978,28,432.2,563,5,22.0,6,21.4
País Vasco,1979,13,58.4,0,0,0.0,0,0.0
País Vasco,1980,56,1064.8,2718,40,59.0,30,53.6
País Vasco,1981,44,378.8,1350,10,36.0,22,50.0
País Vasco,1982,67,431.2,1303,9,22.0,17,25.4
País Vasco,1983,125,1043.7,1947,43,72.0,46,36.8
País Vasco,1984,95,874.2,1938,0,149.0,52,54.7
País Vasco,1985,118,2506.0,3289,135,117.0,41,34.7
País Vasco,1986,95,710.7,1489,21,29.0,20,21.1
País Vasco,1987,197,1477.5,3924,134,82.0,52,26.4
País Vasco,1988,113,555.9,1674,60,58622.0,96,85.0
País Vasco,1989,531,11210.7,10277,454,270093.0,194,36.5
País Vasco,1990,123,847.8,2204,116,68227.0,46,37.4
País Vasco,1991,63,596.0,1184,113,63260.0,20,31.7
País Vasco,1992,105,1016.4,1830,85,12554.0,17,16.2
País Vasco,1993,80,524.2,1158,68,9374.0,10,12.5
País Vasco,1994,29,700.9,555,49,68069.0,18,62.1
País Vasco,1995,159,1286.2,2533,193,74039.0,93,58.5
País Vasco,1996,92,960.3,1679,120,41514.0,37,40.2
País Vasco,1997,100,745.9,1446,130,61090.0,51,51.0
País Vasco,1998,140,1470.37,2031,169,17721.0,20,14.3
País Vasco,1999,79,316.97,1008,90,22267.0,25,31.6
País Vasco,2000,109,781.89,1567,170,68812.0,72,66.1
País Vasco,2001,91,685.0,1404,150,163006.0,61,67.0
País Vasco,2002,132,2097.24,2094,175,105584.0,70,53.0
País Vasco,2003,122,879.4,1864,171,264693.0,81,66.4
País Vasco,2004,50,199.51,638,77,49306.0,42,84.0
País Vasco,2005,91,532.46,1486,208,172069.0,70,76.9
País Vasco,2006,25,73.47999999999999,259,40,23425.0,20,80.0
País Vasco,2007,29,94.78,271,31,18715.0,25,86.2
País Vasco,2008,30,209.24,332,39,36719.0,16,53.3
País Vasco,2009,56,425.61,713,112,140806.0,45,80.4
País Vasco,2010,47,762.05,792,96,50007.0,25,53.2
País Vasco,2011,43,393.17,657,83,99455.0,33,76.7
País Vasco,2012,49,323.26,654,98,178543.0,35,71.4
País Vasco,2013,28,150.29,346,44,31343.0,21,75.0
País Vasco,2014,61,370.48,558,72,56761.0,49,80.3
País Vasco,2015,42,579.14,740,104,0.0,0,0.0
País Vasco,2016,22,128.51999999999998,367,101,0.0,0,0.0
País Vasco,2017,19,111.88,213,42,0.0,0,0.0
País Vasco,2018,11,37.65,123,20,0.0,0,0.0
País Vasco,2019,42,331.93,807,147,0.0,0,0.0
País Vasco,2020,22,115.24,359,74,0.0,0,0.0
País Vasco,2021,26,90.46000000000001,368,73,0.0,0,0.0
País Vasco,2022,35,1132.7800000000002,1080,249,0.0,0,0.0
Principado de Asturias,1968,92,1506.9,1523,0,0.0,0,0.0
Principado de Asturias,1969,44,355.1,261,1,0.0,0,0.0
Principado de Asturias,1970,153,4431.0,785,14,0.0,0,0.0
Principado de Asturias,1971,76,1630.9,880,7,0.0,0,0.0
Principado de Asturias,1972,54,1944.2,1281,5,0.0,0,0.0
Principado de Asturias,1973,53,1705.0,568,4,0.0,0,0.0
Principado de Asturias,1974,179,9132.2,4664,27,0.0,0,0.0
Principado de Asturias,1975,120,7053.2,2949,22,0.0,0,0.0
Principado de Asturias,1976,249,11529.6,5225,41,0.0,0,0.0
Principado de Asturias,1977,122,3760.2,2221,13,1.0,1,0.8
Principado de Asturias,1978,487,30304.2,5862,73,26.0,24,4.9
Principado de Asturias,1979,378,18132.6,3551,33,25.0,21,5.6
Principado de Asturias,1980,529,17138.3,7483,95,43.0,28,5.3
Principado de Asturias,1981,524,18100.0,7215,85,36.0,25,4.8
Principado de Asturias,1982,335,16980.1,5868,100,48.0,28,8.4
Principado de Asturias,1983,157,3272.9,1714,16,5.0,5,3.2
Principado de Asturias,1984,243,3850.3,2827,34,9.0,7,2.9
Principado de Asturias,1985,913,42381.1,12507,278,327.0,215,23.5
Principado de Asturias,1986,173,2505.9,2101,53,12.0,7,4.0
Principado de Asturias,1987,261,4825.3,2766,120,52.0,25,9.6
Principado de Asturias,1988,275,10900.7,2950,154,69712.0,107,38.9
Principado de Asturias,1989,1457,40491.0,15834,942,475758.0,1053,72.3
Principado de Asturias,1990,769,10334.8,9476,822,71366.0,335,43.6
Principado de Asturias,1991,350,3746.1,3089,310,58998.0,28,8.0
Principado de Asturias,1992,805,9099.4,5869,543,3799.0,54,6.7
Principado de Asturias,1993,387,2806.6,2796,362,2004.0,21,5.4
Principado de Asturias,1994,843,6179.8,5837,776,0.0,0,0.0
Principado de Asturias,1995,1470,15288.7,10509,1026,0.0,0,0.0
Principado de Asturias,1996,480,3413.6,2794,319,847.0,4,0.8
Principado de Asturias,1997,1670,25433.4,12335,2116,0.0,0,0.0
Principado de Asturias,1998,645,7046.8,4485,769,0.0,0,0.0
Principado de Asturias,1999,1101,11523.19,7308,630,642.0,9,0.8
Principado de Asturias,2000,1382,19091.7,9394,1121,2558.0,19,1.4
Principado de Asturias,2001,644,2895.41,4053,569,200966.0,5,0.8
Principado de Asturias,2002,1178,19006.37,6305,747,3160.0,8,0.7
Principado de Asturias,2003,1097,6119.68,6999,1301,0.0,0,0.0
Principado de Asturias,2004,1032,4487.73,5542,1144,97.0,1,0.1
Principado de Asturias,2005,1309,8406.12,8960,1472,0.0,0,0.0
Principado de Asturias,2006,1001,9243.87,7504,1786,0.0,0,0.0
Principado de Asturias,2007,433,2550.07,3106,879,0.0,0,0.0
Principado de Asturias,2008,965,6398.5199999999995,5790,1473,0.0,0,0.0
Principado de Asturias,2009,1229,10314.32,6935,1694,0.0,0,0.0
Principado de Asturias,2010,1014,7698.58,5990,973,0.0,0,0.0
Principado de Asturias,2011,684,13613.86,6489,598,0.0,0,0.0
Principado de Asturias,2012,1051,16275.92,8104,827,0.0,0,0.0
Principado de Asturias,2013,377,3112.36,3286,481,895.0,1,0.3
Principado de Asturias,2014,647,7549.77,4530,590,0.0,0,0.0
Principado de Asturias,2015,832,21582.11,7142,1622,0.0,0,0.0
Principado de Asturias,2016,166,1571.71,1480,353,0.0,0,0.0
Principado de Asturias,2017,998,28009.99,6463,1117,0.0,0,0.0
Principado de Asturias,2018,278,1984.65,1237,218,0.0,0,0.0
Principado de Asturias,2019,870,14681.77,4803,801,0.0,0,0.0
Principado de Asturias,2020,557,8154.21,2524,418,0.0,0,0.0
Principado de Asturias,2021,603,6432.25,2529,605,0.0,0,0.0
Principado de Asturias,2022,507,7072.9783,2442,1084,0.0,0,0.0
Región de Murcia,1968,3,5.0,22,0,0.0,0,0.0
Región de Murcia,1969,3,134.0,75,1,0.0,0,0.0
Región de Murcia,1970,3,9.0,0,0,0.0,0,0.0
Región de Murcia,1971,4,16.7,113,0,0.0,0,0.0
Región de Murcia,1972,4,13.0,29,1,0.0,0,0.0
Región de Murcia,1973,2,4.5,37,0,0.0,0,0.0
Región de Murcia,1974,1,2.0,3,0,0.0,0,0.0
Región de Murcia,1975,7,273.5,308,1,0.0,0,0.0
Región de Murcia,1976,5,172.5,376,3,0.0,0,0.0
Región de Murcia,1977,8,49.0,279,8,1.0,1,12.5
Región de Murcia,1978,9,639.0,907,22,2.0,1,11.1
Región de Murcia,1979,14,148.5,557,9,3.0,1,7.1
Región de Murcia,1980,8,147.5,403,4,2.0,2,25.0
Región de Murcia,1981,15,703.8,1479,22,16.0,4,26.7
Región de Murcia,1982,16,79.0,735,10,7.0,2,12.5
Región de Murcia,1983,12,66.5,894,14,2.0,1,8.3
Región de Murcia,1984,8,91.0,248,9,0.0,0,0.0
Región de Murcia,1985,4,30.0,177,4,0.0,0,0.0
Región de Murcia,1986,2,51.0,60,4,0.0,0,0.0
Región de Murcia,1987,7,91.2,81,2,60.0,2,28.6
Región de Murcia,1988,5,8.9,50,5,0.0,0,0.0
Región de Murcia,1989,16,132.0,284,25,546.0,6,37.5
Región de Murcia,1990,76,1191.0,2336,211,11293.0,9,11.8
Región de Murcia,1991,48,1538.8999999999999,2580,246,90729.0,2,4.2
Región de Murcia,1992,38,351.8,1730,164,0.0,0,0.0
Región de Murcia,1993,35,619.2,1816,263,0.0,0,0.0
Región de Murcia,1994,53,894.8,2986,334,48081.0,1,1.9
Región de Murcia,1995,28,58.5,1055,126,0.0,0,0.0
Región de Murcia,1996,24,319.5,1231,129,54091.0,1,4.2
Región de Murcia,1997,21,66.16,667,82,4766.0,6,28.6
Región de Murcia,1998,34,130.0,1161,152,3726.0,4,11.8
Región de Murcia,1999,31,71.87,670,98,0.0,0,0.0
Región de Murcia,2000,30,120.7,1388,168,0.0,0,0.0
Región de Murcia,2001,14,60.9,655,75,0.0,0,0.0
Región de Murcia,2002,28,67.51,666,86,2988.0,1,3.6
Región de Murcia,2003,28,108.61,980,137,0.0,0,0.0
Región de Murcia,2004,22,418.68999999999994,1163,153,3500.0,1,4.5
Región de Murcia,2005,34,238.94,1126,176,0.0,0,0.0
Región de Murcia,2006,11,56.12,340,48,0.0,0,0.0
Región de Murcia,2007,18,140.23,538,90,0.0,0,0.0
Región de Murcia,2008,16,147.43,623,82,0.0,0,0.0
Región de Murcia,2009,14,94.23,676,103,0.0,0,0.0
Región de Murcia,2010,17,741.79,936,146,0.0,0,0.0
Región de Murcia,2011,16,450.0,815,127,0.0,0,0.0
Región de Murcia,2012,21,120.74,874,133,0.0,0,0.0
Región de Murcia,2013,11,67.42999999999999,469,78,0.0,0,0.0
Región de Murcia,2014,18,250.64,767,115,0.0,0,0.0
Región de Murcia,2015,19,627.0,1526,223,0.0,0,0.0
Región de Murcia,2016,15,330.98,982,119,0.0,0,0.0
Región de Murcia,2017,18,153.18,965,173,0.0,0,0.0
Región de Murcia,2018,9,30.71,352,58,0.0,0,0.0
Región de Murcia,2019,9,122.27000000000001,626,81,0.0,0,0.0
Región de Murcia,2020,14,443.29999999999995,1433,179,0.0,0,0.0
Región de Murcia,2021,11,59.28,631,100,0.0,0,0.0
Región de Murcia,2022,12,961.43,1346,214,0.0,0,0.0
Región de Murcia,2023,20,42.07,778,112,0.0,0,0.0
