"row_id","report","report_year","data_year_start","data_year_end","crime_type","actor_role","nationality_group","iso2","count","pct","denominator","denominator_value","unit","source_table","confidence","notes"
"1","MIR_GroupSexualViolence_2023","2023","2013","2017","group_sexual_violence","perpetrator","foreign","ALL_FOREIGN","588","43.3","autores_with_known_nationality","1033","count_detained","descriptivos_generales","high","Sample: 491 hechos, 1359 autores total; 24.0% nationality unknown. Country: Basque Country excluded. Period: 2013-2017."
"2","MIR_GroupSexualViolence_2023","2023","2013","2017","group_sexual_violence","perpetrator","spanish","ES","445","32.7","autores_with_known_nationality","1033","count_detained","descriptivos_generales","high","Same sample as foreign row."
"3","MIR_GroupSexualViolence_2023","2023","2013","2017","group_sexual_violence","perpetrator","Marruecos","MA","129","9.5","autores_total_sample","1359","count_detained","descriptivos_generales","high","Top foreign countries among all perpetrators."
"4","MIR_GroupSexualViolence_2023","2023","2013","2017","group_sexual_violence","perpetrator","Rumanía","RO","95","7.0","autores_total_sample","1359","count_detained","descriptivos_generales","high","Top foreign countries among all perpetrators."
"5","MIR_GroupSexualViolence_2023","2023","2013","2017","group_sexual_violence","perpetrator","Ecuador","EC","55","4.0","autores_total_sample","1359","count_detained","descriptivos_generales","high","Top foreign countries among all perpetrators."
"6","MIR_GroupSexualViolence_2023","2023","2013","2017","group_sexual_violence","victim","spanish","ES","320","61.0","victimas_total_identified","523","count_victims","descriptivos_generales","high","0.4% (2 cases) nationality unknown."
"7","MIR_GroupSexualViolence_2023","2023","2013","2017","group_sexual_violence","victim","foreign","ALL_FOREIGN","203","38.7","victimas_total_identified","523","count_victims","descriptivos_generales","high","0.4% (2 cases) nationality unknown."
"8","MIR_GroupSexualViolence_2023","2023","2013","2017","group_sexual_violence_dos_autores","perpetrator","spanish","ES","209","34.9","autores_with_known_nationality_in_subcategory","476","count_detained","dos_autores_vs_grupos","high","Subcategory: dos_autores. ~20-27% nationality unknown in each group."
"9","MIR_GroupSexualViolence_2023","2023","2013","2017","group_sexual_violence_dos_autores","perpetrator","foreign","ALL_FOREIGN","267","44.6","autores_with_known_nationality_in_subcategory","476","count_detained","dos_autores_vs_grupos","high","Subcategory: dos_autores. ~20-27% nationality unknown in each group."
"10","MIR_GroupSexualViolence_2023","2023","2013","2017","group_sexual_violence_grupos_3plus","perpetrator","spanish","ES","236","31.0","autores_with_known_nationality_in_subcategory","557","count_detained","dos_autores_vs_grupos","high","Subcategory: grupos_3plus. ~20-27% nationality unknown in each group."
"11","MIR_GroupSexualViolence_2023","2023","2013","2017","group_sexual_violence_grupos_3plus","perpetrator","foreign","ALL_FOREIGN","321","42.2","autores_with_known_nationality_in_subcategory","557","count_detained","dos_autores_vs_grupos","high","Subcategory: grupos_3plus. ~20-27% nationality unknown in each group."
"12","MIR_ViolenceWomen_2015-2019","2020","2015","2015","violencia_fisica","victim","all","ALL","48515","","annual_victimizations","","count_victims","distribucion_anual_tipo_violencia","high","Annual registered victimizations by violence type. Table verified against pdftotext of MIR_ViolenceWomen_2015-2019.pdf."
"13","MIR_ViolenceWomen_2015-2019","2020","2016","2016","violencia_fisica","victim","all","ALL","43583","","annual_victimizations","","count_victims","distribucion_anual_tipo_violencia","high","Annual registered victimizations by violence type. Table verified against pdftotext of MIR_ViolenceWomen_2015-2019.pdf."
"14","MIR_ViolenceWomen_2015-2019","2020","2017","2017","violencia_fisica","victim","all","ALL","45659","","annual_victimizations","","count_victims","distribucion_anual_tipo_violencia","high","Annual registered victimizations by violence type. Table verified against pdftotext of MIR_ViolenceWomen_2015-2019.pdf."
"15","MIR_ViolenceWomen_2015-2019","2020","2018","2018","violencia_fisica","victim","all","ALL","46212","","annual_victimizations","","count_victims","distribucion_anual_tipo_violencia","high","Annual registered victimizations by violence type. Table verified against pdftotext of MIR_ViolenceWomen_2015-2019.pdf."
"16","MIR_ViolenceWomen_2015-2019","2020","2019","2019","violencia_fisica","victim","all","ALL","49608","","annual_victimizations","","count_victims","distribucion_anual_tipo_violencia","high","Annual registered victimizations by violence type. Table verified against pdftotext of MIR_ViolenceWomen_2015-2019.pdf."
"17","MIR_ViolenceWomen_2015-2019","2020","2015","2015","violencia_psiquica","victim","all","ALL","59706","","annual_victimizations","","count_victims","distribucion_anual_tipo_violencia","high","Annual registered victimizations by violence type. Table verified against pdftotext of MIR_ViolenceWomen_2015-2019.pdf."
"18","MIR_ViolenceWomen_2015-2019","2020","2016","2016","violencia_psiquica","victim","all","ALL","56874","","annual_victimizations","","count_victims","distribucion_anual_tipo_violencia","high","Annual registered victimizations by violence type. Table verified against pdftotext of MIR_ViolenceWomen_2015-2019.pdf."
"19","MIR_ViolenceWomen_2015-2019","2020","2017","2017","violencia_psiquica","victim","all","ALL","59823","","annual_victimizations","","count_victims","distribucion_anual_tipo_violencia","high","Annual registered victimizations by violence type. Table verified against pdftotext of MIR_ViolenceWomen_2015-2019.pdf."
"20","MIR_ViolenceWomen_2015-2019","2020","2018","2018","violencia_psiquica","victim","all","ALL","62303","","annual_victimizations","","count_victims","distribucion_anual_tipo_violencia","high","Annual registered victimizations by violence type. Table verified against pdftotext of MIR_ViolenceWomen_2015-2019.pdf."
"21","MIR_ViolenceWomen_2015-2019","2020","2019","2019","violencia_psiquica","victim","all","ALL","66565","","annual_victimizations","","count_victims","distribucion_anual_tipo_violencia","high","Annual registered victimizations by violence type. Table verified against pdftotext of MIR_ViolenceWomen_2015-2019.pdf."
"22","MIR_ViolenceWomen_2015-2019","2020","2015","2015","violencia_sexual","victim","all","ALL","6692","","annual_victimizations","","count_victims","distribucion_anual_tipo_violencia","high","Annual registered victimizations by violence type. Table verified against pdftotext of MIR_ViolenceWomen_2015-2019.pdf."
"23","MIR_ViolenceWomen_2015-2019","2020","2016","2016","violencia_sexual","victim","all","ALL","7506","","annual_victimizations","","count_victims","distribucion_anual_tipo_violencia","high","Annual registered victimizations by violence type. Table verified against pdftotext of MIR_ViolenceWomen_2015-2019.pdf."
"24","MIR_ViolenceWomen_2015-2019","2020","2017","2017","violencia_sexual","victim","all","ALL","8239","","annual_victimizations","","count_victims","distribucion_anual_tipo_violencia","high","Annual registered victimizations by violence type. Table verified against pdftotext of MIR_ViolenceWomen_2015-2019.pdf."
"25","MIR_ViolenceWomen_2015-2019","2020","2018","2018","violencia_sexual","victim","all","ALL","10371","","annual_victimizations","","count_victims","distribucion_anual_tipo_violencia","high","Annual registered victimizations by violence type. Table verified against pdftotext of MIR_ViolenceWomen_2015-2019.pdf."
"26","MIR_ViolenceWomen_2015-2019","2020","2019","2019","violencia_sexual","victim","all","ALL","11525","","annual_victimizations","","count_victims","distribucion_anual_tipo_violencia","high","Annual registered victimizations by violence type. Table verified against pdftotext of MIR_ViolenceWomen_2015-2019.pdf."
"27","MIR_ViolenceWomen_2015-2019","2020","2015","2015","violencia_economica","victim","all","ALL","4123","","annual_victimizations","","count_victims","distribucion_anual_tipo_violencia","high","Annual registered victimizations by violence type. Table verified against pdftotext of MIR_ViolenceWomen_2015-2019.pdf."
"28","MIR_ViolenceWomen_2015-2019","2020","2016","2016","violencia_economica","victim","all","ALL","3420","","annual_victimizations","","count_victims","distribucion_anual_tipo_violencia","high","Annual registered victimizations by violence type. Table verified against pdftotext of MIR_ViolenceWomen_2015-2019.pdf."
"29","MIR_ViolenceWomen_2015-2019","2020","2017","2017","violencia_economica","victim","all","ALL","3531","","annual_victimizations","","count_victims","distribucion_anual_tipo_violencia","high","Annual registered victimizations by violence type. Table verified against pdftotext of MIR_ViolenceWomen_2015-2019.pdf."
"30","MIR_ViolenceWomen_2015-2019","2020","2018","2018","violencia_economica","victim","all","ALL","3268","","annual_victimizations","","count_victims","distribucion_anual_tipo_violencia","high","Annual registered victimizations by violence type. Table verified against pdftotext of MIR_ViolenceWomen_2015-2019.pdf."
"31","MIR_ViolenceWomen_2015-2019","2020","2019","2019","violencia_economica","victim","all","ALL","3893","","annual_victimizations","","count_victims","distribucion_anual_tipo_violencia","high","Annual registered victimizations by violence type. Table verified against pdftotext of MIR_ViolenceWomen_2015-2019.pdf."
"32","MIR_ViolenceWomen_2015-2019","2020","2015","2019","violencia_sexual","victim","spanish","ES","33556","75.7","total_sexual_violence_victimizations_2015_2019","44333","count_victims","victimizaciones_por_tipo_y_nacionalidad","high","5-year aggregate 2015-2019. Total sexual violence 2015-2019=44,333. Includes: abuso sexual, agresión sexual. Excludes: domestic violence categories."
"33","MIR_ViolenceWomen_2015-2019","2020","2015","2019","violencia_sexual","victim","foreign","ALL_FOREIGN","10777","24.3","total_sexual_violence_victimizations_2015_2019","44333","count_victims","victimizaciones_por_tipo_y_nacionalidad","high","5-year aggregate 2015-2019. Total sexual violence 2015-2019=44,333. Includes: abuso sexual, agresión sexual. Excludes: domestic violence categories."
"34","MIR_ViolenceWomen_2015-2019","2020","2015","2019","violencia_contra_mujer_all","victim","top_foreign_origin_narrative","RO;MA","","","foreign_victims_all_violence","149027","narrative","distribucion_global_nacionalidad","medium","Report states: among foreign victims, highest counts from Romania and Morocco. Exact per-country counts not in text-extractable table (embedded chart)."
"35","MIR_Informe_DelitosSexuales_2023","2024","2023","2023","sexual_crimes_total","all","all","ALL","21825","","total_sexual_crimes_registered","21825","count","informe_delitos_libertad_sexual_2023","high","Total delitos contra la libertad sexual 2023. +14.5% vs 2022 (19059)."
"36","MIR_Informe_DelitosSexuales_2023","2024","2023","2023","sexual_crimes_perpetrator_nationality","perpetrator","spanish","ES","","62.7","detenciones_investigaciones_total","13767","percent","informe_delitos_libertad_sexual_2023","medium","2023: 62.7% of 13,767 detained are Spanish. Note: % of detained≠% of all crimes."
"37","MIR_Informe_DelitosSexuales_2023","2024","2023","2023","sexual_crimes_perpetrator_nationality","perpetrator","foreign","ALL_FOREIGN","","37.3","detenciones_investigaciones_total","13767","percent","informe_delitos_libertad_sexual_2023","medium","2023: 37.3% foreign perpetrators. POLITICALLY SENSITIVE; verify from primary PDF."
"38","MIR_Informe_DelitosSexuales_2023","2024","2023","2023","sexual_crimes_victim_nationality","victim","spanish","ES","15928","73.8","total_victims_identified","21580","count","informe_delitos_libertad_sexual_2023","medium","2023: Spanish victims = 73.8% of 21580 total identified victims."
"39","MIR_Informe_DelitosSexuales_2023","2024","2023","2023","sexual_crimes_victim_nationality","victim","foreign","ALL_FOREIGN","","26.2","total_victims_identified","21580","percent","informe_delitos_libertad_sexual_2023","low","2023: foreign victims = estimated 26.2% (100-73.8%). Exact count not confirmed."
"40","MIR_Informe_DelitosSexuales_2024","2025","2024","2024","sexual_crimes_total","all","all","ALL","22846","","total_sexual_crimes_registered","22846","count","informe_delitos_libertad_sexual_2024","high","Total delitos contra la libertad sexual 2024. +4.68% vs 2023 (21825). +66% vs 6 years prior."
"41","MIR_Informe_DelitosSexuales_2024","2025","2024","2024","sexual_crimes_detenciones_total","perpetrator","all","ALL","14375","","total_detained_investigated","14375","count","informe_delitos_libertad_sexual_2024","high","2024: 14,375 detained/investigated. 93.13% male. Nationality breakdown NOT yet extracted from primary PDF."
"42","MIR_Informe_DelitosSexuales_2024","2025","2024","2024","sexual_crimes_victim_all","victim","all","ALL","22778","","total_victims","22778","count","informe_delitos_libertad_sexual_2024","high","2024: 22,778 total victims (19,518 female=85.69%). 41.2% under 18."
"43","MIR_AnuarioEstadistico_2016","2016","2015","2015","general_crime_homicide","perpetrator","foreign","ALL_FOREIGN","230","21.4","detenciones_total_all_nationalities","1076","count_detained","anuario_seguridad_ciudadana_extranjeros","medium","General crime (non-sexual-violence-specific), category=homicide. Source: Anuario Estadístico 2016 ed., ""DETENCIONES E INVESTIGADOS EXTRANJEROS"" table (p.303), cross-referenced against the same edition's all-nationality total. Spanish-vs-foreign split ONLY -- no per-country breakdown exists in this source (confirmed T83); full sex-split detail in data/raw/mir_anuario_general_crime_2015-2023.csv, per-100k rates in data/processed/general_crime_trends.csv (T84)."
"44","MIR_AnuarioEstadistico_2016","2016","2015","2015","general_crime_homicide","perpetrator","spanish","ES","846","78.6","detenciones_total_all_nationalities","1076","count_detained","anuario_seguridad_ciudadana_extranjeros","medium","General crime (non-sexual-violence-specific), category=homicide. Source: Anuario Estadístico 2016 ed., ""DETENCIONES E INVESTIGADOS EXTRANJEROS"" table (p.303), cross-referenced against the same edition's all-nationality total. Spanish-vs-foreign split ONLY -- no per-country breakdown exists in this source (confirmed T83); full sex-split detail in data/raw/mir_anuario_general_crime_2015-2023.csv, per-100k rates in data/processed/general_crime_trends.csv (T84)."
"45","MIR_AnuarioEstadistico_2016","2016","2015","2015","general_crime_robbery","perpetrator","foreign","ALL_FOREIGN","10598","20.4","detenciones_total_all_nationalities","51864","count_detained","anuario_seguridad_ciudadana_extranjeros","medium","General crime (non-sexual-violence-specific), category=robbery. Source: Anuario Estadístico 2016 ed., ""DETENCIONES E INVESTIGADOS EXTRANJEROS"" table (p.303), cross-referenced against the same edition's all-nationality total. Spanish-vs-foreign split ONLY -- no per-country breakdown exists in this source (confirmed T83); full sex-split detail in data/raw/mir_anuario_general_crime_2015-2023.csv, per-100k rates in data/processed/general_crime_trends.csv (T84)."
"46","MIR_AnuarioEstadistico_2016","2016","2015","2015","general_crime_robbery","perpetrator","spanish","ES","41266","79.6","detenciones_total_all_nationalities","51864","count_detained","anuario_seguridad_ciudadana_extranjeros","medium","General crime (non-sexual-violence-specific), category=robbery. Source: Anuario Estadístico 2016 ed., ""DETENCIONES E INVESTIGADOS EXTRANJEROS"" table (p.303), cross-referenced against the same edition's all-nationality total. Spanish-vs-foreign split ONLY -- no per-country breakdown exists in this source (confirmed T83); full sex-split detail in data/raw/mir_anuario_general_crime_2015-2023.csv, per-100k rates in data/processed/general_crime_trends.csv (T84)."
"47","MIR_AnuarioEstadistico_2016","2016","2015","2015","general_crime_sexual_assault","perpetrator","foreign","ALL_FOREIGN","1496","24.8","detenciones_total_all_nationalities","6044","count_detained","anuario_seguridad_ciudadana_extranjeros","medium","General crime (non-sexual-violence-specific), category=sexual_assault. Source: Anuario Estadístico 2016 ed., ""DETENCIONES E INVESTIGADOS EXTRANJEROS"" table (p.303), cross-referenced against the same edition's all-nationality total. Spanish-vs-foreign split ONLY -- no per-country breakdown exists in this source (confirmed T83); full sex-split detail in data/raw/mir_anuario_general_crime_2015-2023.csv, per-100k rates in data/processed/general_crime_trends.csv (T84)."
"48","MIR_AnuarioEstadistico_2016","2016","2015","2015","general_crime_sexual_assault","perpetrator","spanish","ES","4548","75.2","detenciones_total_all_nationalities","6044","count_detained","anuario_seguridad_ciudadana_extranjeros","medium","General crime (non-sexual-violence-specific), category=sexual_assault. Source: Anuario Estadístico 2016 ed., ""DETENCIONES E INVESTIGADOS EXTRANJEROS"" table (p.303), cross-referenced against the same edition's all-nationality total. Spanish-vs-foreign split ONLY -- no per-country breakdown exists in this source (confirmed T83); full sex-split detail in data/raw/mir_anuario_general_crime_2015-2023.csv, per-100k rates in data/processed/general_crime_trends.csv (T84)."
"49","MIR_AnuarioEstadistico_2017","2017","2016","2016","general_crime_homicide","perpetrator","foreign","ALL_FOREIGN","290","23.5","detenciones_total_all_nationalities","1233","count_detained","anuario_seguridad_ciudadana_extranjeros","medium","General crime (non-sexual-violence-specific), category=homicide. Source: Anuario Estadístico 2017 ed., ""DETENCIONES E INVESTIGADOS EXTRANJEROS"" table (p.174), cross-referenced against the same edition's all-nationality total. Spanish-vs-foreign split ONLY -- no per-country breakdown exists in this source (confirmed T83); full sex-split detail in data/raw/mir_anuario_general_crime_2015-2023.csv, per-100k rates in data/processed/general_crime_trends.csv (T84)."
"50","MIR_AnuarioEstadistico_2017","2017","2016","2016","general_crime_homicide","perpetrator","spanish","ES","943","76.5","detenciones_total_all_nationalities","1233","count_detained","anuario_seguridad_ciudadana_extranjeros","medium","General crime (non-sexual-violence-specific), category=homicide. Source: Anuario Estadístico 2017 ed., ""DETENCIONES E INVESTIGADOS EXTRANJEROS"" table (p.174), cross-referenced against the same edition's all-nationality total. Spanish-vs-foreign split ONLY -- no per-country breakdown exists in this source (confirmed T83); full sex-split detail in data/raw/mir_anuario_general_crime_2015-2023.csv, per-100k rates in data/processed/general_crime_trends.csv (T84)."
"51","MIR_AnuarioEstadistico_2017","2017","2016","2016","general_crime_robbery","perpetrator","foreign","ALL_FOREIGN","10694","22.1","detenciones_total_all_nationalities","48494","count_detained","anuario_seguridad_ciudadana_extranjeros","medium","General crime (non-sexual-violence-specific), category=robbery. Source: Anuario Estadístico 2017 ed., ""DETENCIONES E INVESTIGADOS EXTRANJEROS"" table (p.174), cross-referenced against the same edition's all-nationality total. Spanish-vs-foreign split ONLY -- no per-country breakdown exists in this source (confirmed T83); full sex-split detail in data/raw/mir_anuario_general_crime_2015-2023.csv, per-100k rates in data/processed/general_crime_trends.csv (T84)."
"52","MIR_AnuarioEstadistico_2017","2017","2016","2016","general_crime_robbery","perpetrator","spanish","ES","37800","77.9","detenciones_total_all_nationalities","48494","count_detained","anuario_seguridad_ciudadana_extranjeros","medium","General crime (non-sexual-violence-specific), category=robbery. Source: Anuario Estadístico 2017 ed., ""DETENCIONES E INVESTIGADOS EXTRANJEROS"" table (p.174), cross-referenced against the same edition's all-nationality total. Spanish-vs-foreign split ONLY -- no per-country breakdown exists in this source (confirmed T83); full sex-split detail in data/raw/mir_anuario_general_crime_2015-2023.csv, per-100k rates in data/processed/general_crime_trends.csv (T84)."
"53","MIR_AnuarioEstadistico_2017","2017","2016","2016","general_crime_sexual_assault","perpetrator","foreign","ALL_FOREIGN","1623","25.5","detenciones_total_all_nationalities","6363","count_detained","anuario_seguridad_ciudadana_extranjeros","medium","General crime (non-sexual-violence-specific), category=sexual_assault. Source: Anuario Estadístico 2017 ed., ""DETENCIONES E INVESTIGADOS EXTRANJEROS"" table (p.174), cross-referenced against the same edition's all-nationality total. Spanish-vs-foreign split ONLY -- no per-country breakdown exists in this source (confirmed T83); full sex-split detail in data/raw/mir_anuario_general_crime_2015-2023.csv, per-100k rates in data/processed/general_crime_trends.csv (T84)."
"54","MIR_AnuarioEstadistico_2017","2017","2016","2016","general_crime_sexual_assault","perpetrator","spanish","ES","4740","74.5","detenciones_total_all_nationalities","6363","count_detained","anuario_seguridad_ciudadana_extranjeros","medium","General crime (non-sexual-violence-specific), category=sexual_assault. Source: Anuario Estadístico 2017 ed., ""DETENCIONES E INVESTIGADOS EXTRANJEROS"" table (p.174), cross-referenced against the same edition's all-nationality total. Spanish-vs-foreign split ONLY -- no per-country breakdown exists in this source (confirmed T83); full sex-split detail in data/raw/mir_anuario_general_crime_2015-2023.csv, per-100k rates in data/processed/general_crime_trends.csv (T84)."
"55","MIR_AnuarioEstadistico_2018","2018","2017","2017","general_crime_homicide","perpetrator","foreign","ALL_FOREIGN","270","22.4","detenciones_total_all_nationalities","1208","count_detained","anuario_seguridad_ciudadana_extranjeros","medium","General crime (non-sexual-violence-specific), category=homicide. Source: Anuario Estadístico 2018 ed., ""DETENCIONES E INVESTIGADOS EXTRANJEROS"" table (p.174), cross-referenced against the same edition's all-nationality total. Spanish-vs-foreign split ONLY -- no per-country breakdown exists in this source (confirmed T83); full sex-split detail in data/raw/mir_anuario_general_crime_2015-2023.csv, per-100k rates in data/processed/general_crime_trends.csv (T84)."
"56","MIR_AnuarioEstadistico_2018","2018","2017","2017","general_crime_homicide","perpetrator","spanish","ES","938","77.6","detenciones_total_all_nationalities","1208","count_detained","anuario_seguridad_ciudadana_extranjeros","medium","General crime (non-sexual-violence-specific), category=homicide. Source: Anuario Estadístico 2018 ed., ""DETENCIONES E INVESTIGADOS EXTRANJEROS"" table (p.174), cross-referenced against the same edition's all-nationality total. Spanish-vs-foreign split ONLY -- no per-country breakdown exists in this source (confirmed T83); full sex-split detail in data/raw/mir_anuario_general_crime_2015-2023.csv, per-100k rates in data/processed/general_crime_trends.csv (T84)."
"57","MIR_AnuarioEstadistico_2018","2018","2017","2017","general_crime_robbery","perpetrator","foreign","ALL_FOREIGN","9537","20.5","detenciones_total_all_nationalities","46597","count_detained","anuario_seguridad_ciudadana_extranjeros","medium","General crime (non-sexual-violence-specific), category=robbery. Source: Anuario Estadístico 2018 ed., ""DETENCIONES E INVESTIGADOS EXTRANJEROS"" table (p.174), cross-referenced against the same edition's all-nationality total. Spanish-vs-foreign split ONLY -- no per-country breakdown exists in this source (confirmed T83); full sex-split detail in data/raw/mir_anuario_general_crime_2015-2023.csv, per-100k rates in data/processed/general_crime_trends.csv (T84)."
"58","MIR_AnuarioEstadistico_2018","2018","2017","2017","general_crime_robbery","perpetrator","spanish","ES","37060","79.5","detenciones_total_all_nationalities","46597","count_detained","anuario_seguridad_ciudadana_extranjeros","medium","General crime (non-sexual-violence-specific), category=robbery. Source: Anuario Estadístico 2018 ed., ""DETENCIONES E INVESTIGADOS EXTRANJEROS"" table (p.174), cross-referenced against the same edition's all-nationality total. Spanish-vs-foreign split ONLY -- no per-country breakdown exists in this source (confirmed T83); full sex-split detail in data/raw/mir_anuario_general_crime_2015-2023.csv, per-100k rates in data/processed/general_crime_trends.csv (T84)."
"59","MIR_AnuarioEstadistico_2018","2018","2017","2017","general_crime_sexual_assault","perpetrator","foreign","ALL_FOREIGN","1775","26.1","detenciones_total_all_nationalities","6796","count_detained","anuario_seguridad_ciudadana_extranjeros","medium","General crime (non-sexual-violence-specific), category=sexual_assault. Source: Anuario Estadístico 2018 ed., ""DETENCIONES E INVESTIGADOS EXTRANJEROS"" table (p.174), cross-referenced against the same edition's all-nationality total. Spanish-vs-foreign split ONLY -- no per-country breakdown exists in this source (confirmed T83); full sex-split detail in data/raw/mir_anuario_general_crime_2015-2023.csv, per-100k rates in data/processed/general_crime_trends.csv (T84)."
"60","MIR_AnuarioEstadistico_2018","2018","2017","2017","general_crime_sexual_assault","perpetrator","spanish","ES","5021","73.9","detenciones_total_all_nationalities","6796","count_detained","anuario_seguridad_ciudadana_extranjeros","medium","General crime (non-sexual-violence-specific), category=sexual_assault. Source: Anuario Estadístico 2018 ed., ""DETENCIONES E INVESTIGADOS EXTRANJEROS"" table (p.174), cross-referenced against the same edition's all-nationality total. Spanish-vs-foreign split ONLY -- no per-country breakdown exists in this source (confirmed T83); full sex-split detail in data/raw/mir_anuario_general_crime_2015-2023.csv, per-100k rates in data/processed/general_crime_trends.csv (T84)."
"61","MIR_AnuarioEstadistico_2019","2019","2018","2018","general_crime_homicide","perpetrator","foreign","ALL_FOREIGN","277","23.0","detenciones_total_all_nationalities","1204","count_detained","anuario_seguridad_ciudadana_extranjeros","medium","General crime (non-sexual-violence-specific), category=homicide. Source: Anuario Estadístico 2019 ed., ""DETENCIONES E INVESTIGADOS EXTRANJEROS"" table (p.186), cross-referenced against the same edition's all-nationality total. Spanish-vs-foreign split ONLY -- no per-country breakdown exists in this source (confirmed T83); full sex-split detail in data/raw/mir_anuario_general_crime_2015-2023.csv, per-100k rates in data/processed/general_crime_trends.csv (T84)."
"62","MIR_AnuarioEstadistico_2019","2019","2018","2018","general_crime_homicide","perpetrator","spanish","ES","927","77.0","detenciones_total_all_nationalities","1204","count_detained","anuario_seguridad_ciudadana_extranjeros","medium","General crime (non-sexual-violence-specific), category=homicide. Source: Anuario Estadístico 2019 ed., ""DETENCIONES E INVESTIGADOS EXTRANJEROS"" table (p.186), cross-referenced against the same edition's all-nationality total. Spanish-vs-foreign split ONLY -- no per-country breakdown exists in this source (confirmed T83); full sex-split detail in data/raw/mir_anuario_general_crime_2015-2023.csv, per-100k rates in data/processed/general_crime_trends.csv (T84)."
"63","MIR_AnuarioEstadistico_2019","2019","2018","2018","general_crime_robbery","perpetrator","foreign","ALL_FOREIGN","9746","21.3","detenciones_total_all_nationalities","45805","count_detained","anuario_seguridad_ciudadana_extranjeros","medium","General crime (non-sexual-violence-specific), category=robbery. Source: Anuario Estadístico 2019 ed., ""DETENCIONES E INVESTIGADOS EXTRANJEROS"" table (p.186), cross-referenced against the same edition's all-nationality total. Spanish-vs-foreign split ONLY -- no per-country breakdown exists in this source (confirmed T83); full sex-split detail in data/raw/mir_anuario_general_crime_2015-2023.csv, per-100k rates in data/processed/general_crime_trends.csv (T84)."
"64","MIR_AnuarioEstadistico_2019","2019","2018","2018","general_crime_robbery","perpetrator","spanish","ES","36059","78.7","detenciones_total_all_nationalities","45805","count_detained","anuario_seguridad_ciudadana_extranjeros","medium","General crime (non-sexual-violence-specific), category=robbery. Source: Anuario Estadístico 2019 ed., ""DETENCIONES E INVESTIGADOS EXTRANJEROS"" table (p.186), cross-referenced against the same edition's all-nationality total. Spanish-vs-foreign split ONLY -- no per-country breakdown exists in this source (confirmed T83); full sex-split detail in data/raw/mir_anuario_general_crime_2015-2023.csv, per-100k rates in data/processed/general_crime_trends.csv (T84)."
"65","MIR_AnuarioEstadistico_2019","2019","2018","2018","general_crime_sexual_assault","perpetrator","foreign","ALL_FOREIGN","2230","26.9","detenciones_total_all_nationalities","8288","count_detained","anuario_seguridad_ciudadana_extranjeros","medium","General crime (non-sexual-violence-specific), category=sexual_assault. Source: Anuario Estadístico 2019 ed., ""DETENCIONES E INVESTIGADOS EXTRANJEROS"" table (p.186), cross-referenced against the same edition's all-nationality total. Spanish-vs-foreign split ONLY -- no per-country breakdown exists in this source (confirmed T83); full sex-split detail in data/raw/mir_anuario_general_crime_2015-2023.csv, per-100k rates in data/processed/general_crime_trends.csv (T84)."
"66","MIR_AnuarioEstadistico_2019","2019","2018","2018","general_crime_sexual_assault","perpetrator","spanish","ES","6058","73.1","detenciones_total_all_nationalities","8288","count_detained","anuario_seguridad_ciudadana_extranjeros","medium","General crime (non-sexual-violence-specific), category=sexual_assault. Source: Anuario Estadístico 2019 ed., ""DETENCIONES E INVESTIGADOS EXTRANJEROS"" table (p.186), cross-referenced against the same edition's all-nationality total. Spanish-vs-foreign split ONLY -- no per-country breakdown exists in this source (confirmed T83); full sex-split detail in data/raw/mir_anuario_general_crime_2015-2023.csv, per-100k rates in data/processed/general_crime_trends.csv (T84)."
"67","MIR_AnuarioEstadistico_2020","2020","2019","2019","general_crime_homicide","perpetrator","foreign","ALL_FOREIGN","287","22.9","detenciones_total_all_nationalities","1256","count_detained","anuario_seguridad_ciudadana_extranjeros","medium","General crime (non-sexual-violence-specific), category=homicide. Source: Anuario Estadístico 2020 ed., ""DETENCIONES E INVESTIGADOS EXTRANJEROS"" table (p.156), cross-referenced against the same edition's all-nationality total. Spanish-vs-foreign split ONLY -- no per-country breakdown exists in this source (confirmed T83); full sex-split detail in data/raw/mir_anuario_general_crime_2015-2023.csv, per-100k rates in data/processed/general_crime_trends.csv (T84)."
"68","MIR_AnuarioEstadistico_2020","2020","2019","2019","general_crime_homicide","perpetrator","spanish","ES","969","77.1","detenciones_total_all_nationalities","1256","count_detained","anuario_seguridad_ciudadana_extranjeros","medium","General crime (non-sexual-violence-specific), category=homicide. Source: Anuario Estadístico 2020 ed., ""DETENCIONES E INVESTIGADOS EXTRANJEROS"" table (p.156), cross-referenced against the same edition's all-nationality total. Spanish-vs-foreign split ONLY -- no per-country breakdown exists in this source (confirmed T83); full sex-split detail in data/raw/mir_anuario_general_crime_2015-2023.csv, per-100k rates in data/processed/general_crime_trends.csv (T84)."
"69","MIR_AnuarioEstadistico_2020","2020","2019","2019","general_crime_robbery","perpetrator","foreign","ALL_FOREIGN","11025","23.1","detenciones_total_all_nationalities","47654","count_detained","anuario_seguridad_ciudadana_extranjeros","medium","General crime (non-sexual-violence-specific), category=robbery. Source: Anuario Estadístico 2020 ed., ""DETENCIONES E INVESTIGADOS EXTRANJEROS"" table (p.156), cross-referenced against the same edition's all-nationality total. Spanish-vs-foreign split ONLY -- no per-country breakdown exists in this source (confirmed T83); full sex-split detail in data/raw/mir_anuario_general_crime_2015-2023.csv, per-100k rates in data/processed/general_crime_trends.csv (T84)."
"70","MIR_AnuarioEstadistico_2020","2020","2019","2019","general_crime_robbery","perpetrator","spanish","ES","36629","76.9","detenciones_total_all_nationalities","47654","count_detained","anuario_seguridad_ciudadana_extranjeros","medium","General crime (non-sexual-violence-specific), category=robbery. Source: Anuario Estadístico 2020 ed., ""DETENCIONES E INVESTIGADOS EXTRANJEROS"" table (p.156), cross-referenced against the same edition's all-nationality total. Spanish-vs-foreign split ONLY -- no per-country breakdown exists in this source (confirmed T83); full sex-split detail in data/raw/mir_anuario_general_crime_2015-2023.csv, per-100k rates in data/processed/general_crime_trends.csv (T84)."
"71","MIR_AnuarioEstadistico_2020","2020","2019","2019","general_crime_sexual_assault","perpetrator","foreign","ALL_FOREIGN","2477","27.6","detenciones_total_all_nationalities","8983","count_detained","anuario_seguridad_ciudadana_extranjeros","medium","General crime (non-sexual-violence-specific), category=sexual_assault. Source: Anuario Estadístico 2020 ed., ""DETENCIONES E INVESTIGADOS EXTRANJEROS"" table (p.156), cross-referenced against the same edition's all-nationality total. Spanish-vs-foreign split ONLY -- no per-country breakdown exists in this source (confirmed T83); full sex-split detail in data/raw/mir_anuario_general_crime_2015-2023.csv, per-100k rates in data/processed/general_crime_trends.csv (T84)."
"72","MIR_AnuarioEstadistico_2020","2020","2019","2019","general_crime_sexual_assault","perpetrator","spanish","ES","6506","72.4","detenciones_total_all_nationalities","8983","count_detained","anuario_seguridad_ciudadana_extranjeros","medium","General crime (non-sexual-violence-specific), category=sexual_assault. Source: Anuario Estadístico 2020 ed., ""DETENCIONES E INVESTIGADOS EXTRANJEROS"" table (p.156), cross-referenced against the same edition's all-nationality total. Spanish-vs-foreign split ONLY -- no per-country breakdown exists in this source (confirmed T83); full sex-split detail in data/raw/mir_anuario_general_crime_2015-2023.csv, per-100k rates in data/processed/general_crime_trends.csv (T84)."
"73","MIR_AnuarioEstadistico_2021","2021","2020","2020","general_crime_homicide","perpetrator","foreign","ALL_FOREIGN","381","31.1","detenciones_total_all_nationalities","1225","count_detained","anuario_seguridad_ciudadana_extranjeros","medium","General crime (non-sexual-violence-specific), category=homicide. Source: Anuario Estadístico 2021 ed., ""DETENCIONES E INVESTIGADOS EXTRANJEROS"" table (p.153), cross-referenced against the same edition's all-nationality total. Spanish-vs-foreign split ONLY -- no per-country breakdown exists in this source (confirmed T83); full sex-split detail in data/raw/mir_anuario_general_crime_2015-2023.csv, per-100k rates in data/processed/general_crime_trends.csv (T84)."
"74","MIR_AnuarioEstadistico_2021","2021","2020","2020","general_crime_homicide","perpetrator","spanish","ES","844","68.9","detenciones_total_all_nationalities","1225","count_detained","anuario_seguridad_ciudadana_extranjeros","medium","General crime (non-sexual-violence-specific), category=homicide. Source: Anuario Estadístico 2021 ed., ""DETENCIONES E INVESTIGADOS EXTRANJEROS"" table (p.153), cross-referenced against the same edition's all-nationality total. Spanish-vs-foreign split ONLY -- no per-country breakdown exists in this source (confirmed T83); full sex-split detail in data/raw/mir_anuario_general_crime_2015-2023.csv, per-100k rates in data/processed/general_crime_trends.csv (T84)."
"75","MIR_AnuarioEstadistico_2021","2021","2020","2020","general_crime_robbery","perpetrator","foreign","ALL_FOREIGN","14438","36.2","detenciones_total_all_nationalities","39908","count_detained","anuario_seguridad_ciudadana_extranjeros","medium","General crime (non-sexual-violence-specific), category=robbery. Source: Anuario Estadístico 2021 ed., ""DETENCIONES E INVESTIGADOS EXTRANJEROS"" table (p.153), cross-referenced against the same edition's all-nationality total. Spanish-vs-foreign split ONLY -- no per-country breakdown exists in this source (confirmed T83); full sex-split detail in data/raw/mir_anuario_general_crime_2015-2023.csv, per-100k rates in data/processed/general_crime_trends.csv (T84)."
"76","MIR_AnuarioEstadistico_2021","2021","2020","2020","general_crime_robbery","perpetrator","spanish","ES","25470","63.8","detenciones_total_all_nationalities","39908","count_detained","anuario_seguridad_ciudadana_extranjeros","medium","General crime (non-sexual-violence-specific), category=robbery. Source: Anuario Estadístico 2021 ed., ""DETENCIONES E INVESTIGADOS EXTRANJEROS"" table (p.153), cross-referenced against the same edition's all-nationality total. Spanish-vs-foreign split ONLY -- no per-country breakdown exists in this source (confirmed T83); full sex-split detail in data/raw/mir_anuario_general_crime_2015-2023.csv, per-100k rates in data/processed/general_crime_trends.csv (T84)."
"77","MIR_AnuarioEstadistico_2021","2021","2020","2020","general_crime_sexual_assault","perpetrator","foreign","ALL_FOREIGN","2622","32.8","detenciones_total_all_nationalities","7991","count_detained","anuario_seguridad_ciudadana_extranjeros","medium","General crime (non-sexual-violence-specific), category=sexual_assault. Source: Anuario Estadístico 2021 ed., ""DETENCIONES E INVESTIGADOS EXTRANJEROS"" table (p.153), cross-referenced against the same edition's all-nationality total. Spanish-vs-foreign split ONLY -- no per-country breakdown exists in this source (confirmed T83); full sex-split detail in data/raw/mir_anuario_general_crime_2015-2023.csv, per-100k rates in data/processed/general_crime_trends.csv (T84)."
"78","MIR_AnuarioEstadistico_2021","2021","2020","2020","general_crime_sexual_assault","perpetrator","spanish","ES","5369","67.2","detenciones_total_all_nationalities","7991","count_detained","anuario_seguridad_ciudadana_extranjeros","medium","General crime (non-sexual-violence-specific), category=sexual_assault. Source: Anuario Estadístico 2021 ed., ""DETENCIONES E INVESTIGADOS EXTRANJEROS"" table (p.153), cross-referenced against the same edition's all-nationality total. Spanish-vs-foreign split ONLY -- no per-country breakdown exists in this source (confirmed T83); full sex-split detail in data/raw/mir_anuario_general_crime_2015-2023.csv, per-100k rates in data/processed/general_crime_trends.csv (T84)."
"79","MIR_AnuarioEstadistico_2022","2022","2021","2021","general_crime_homicide","perpetrator","foreign","ALL_FOREIGN","439","33.5","detenciones_total_all_nationalities","1312","count_detained","anuario_seguridad_ciudadana_extranjeros","medium","General crime (non-sexual-violence-specific), category=homicide. Source: Anuario Estadístico 2022 ed., ""DETENCIONES E INVESTIGADOS EXTRANJEROS"" table (p.124), cross-referenced against the same edition's all-nationality total. Spanish-vs-foreign split ONLY -- no per-country breakdown exists in this source (confirmed T83); full sex-split detail in data/raw/mir_anuario_general_crime_2015-2023.csv, per-100k rates in data/processed/general_crime_trends.csv (T84)."
"80","MIR_AnuarioEstadistico_2022","2022","2021","2021","general_crime_homicide","perpetrator","spanish","ES","873","66.5","detenciones_total_all_nationalities","1312","count_detained","anuario_seguridad_ciudadana_extranjeros","medium","General crime (non-sexual-violence-specific), category=homicide. Source: Anuario Estadístico 2022 ed., ""DETENCIONES E INVESTIGADOS EXTRANJEROS"" table (p.124), cross-referenced against the same edition's all-nationality total. Spanish-vs-foreign split ONLY -- no per-country breakdown exists in this source (confirmed T83); full sex-split detail in data/raw/mir_anuario_general_crime_2015-2023.csv, per-100k rates in data/processed/general_crime_trends.csv (T84)."
"81","MIR_AnuarioEstadistico_2022","2022","2021","2021","general_crime_robbery","perpetrator","foreign","ALL_FOREIGN","15480","37.9","detenciones_total_all_nationalities","40830","count_detained","anuario_seguridad_ciudadana_extranjeros","medium","General crime (non-sexual-violence-specific), category=robbery. Source: Anuario Estadístico 2022 ed., ""DETENCIONES E INVESTIGADOS EXTRANJEROS"" table (p.124), cross-referenced against the same edition's all-nationality total. Spanish-vs-foreign split ONLY -- no per-country breakdown exists in this source (confirmed T83); full sex-split detail in data/raw/mir_anuario_general_crime_2015-2023.csv, per-100k rates in data/processed/general_crime_trends.csv (T84)."
"82","MIR_AnuarioEstadistico_2022","2022","2021","2021","general_crime_robbery","perpetrator","spanish","ES","25350","62.1","detenciones_total_all_nationalities","40830","count_detained","anuario_seguridad_ciudadana_extranjeros","medium","General crime (non-sexual-violence-specific), category=robbery. Source: Anuario Estadístico 2022 ed., ""DETENCIONES E INVESTIGADOS EXTRANJEROS"" table (p.124), cross-referenced against the same edition's all-nationality total. Spanish-vs-foreign split ONLY -- no per-country breakdown exists in this source (confirmed T83); full sex-split detail in data/raw/mir_anuario_general_crime_2015-2023.csv, per-100k rates in data/processed/general_crime_trends.csv (T84)."
"83","MIR_AnuarioEstadistico_2022","2022","2021","2021","general_crime_sexual_assault","perpetrator","foreign","ALL_FOREIGN","3605","34.4","detenciones_total_all_nationalities","10477","count_detained","anuario_seguridad_ciudadana_extranjeros","medium","General crime (non-sexual-violence-specific), category=sexual_assault. Source: Anuario Estadístico 2022 ed., ""DETENCIONES E INVESTIGADOS EXTRANJEROS"" table (p.124), cross-referenced against the same edition's all-nationality total. Spanish-vs-foreign split ONLY -- no per-country breakdown exists in this source (confirmed T83); full sex-split detail in data/raw/mir_anuario_general_crime_2015-2023.csv, per-100k rates in data/processed/general_crime_trends.csv (T84)."
"84","MIR_AnuarioEstadistico_2022","2022","2021","2021","general_crime_sexual_assault","perpetrator","spanish","ES","6872","65.6","detenciones_total_all_nationalities","10477","count_detained","anuario_seguridad_ciudadana_extranjeros","medium","General crime (non-sexual-violence-specific), category=sexual_assault. Source: Anuario Estadístico 2022 ed., ""DETENCIONES E INVESTIGADOS EXTRANJEROS"" table (p.124), cross-referenced against the same edition's all-nationality total. Spanish-vs-foreign split ONLY -- no per-country breakdown exists in this source (confirmed T83); full sex-split detail in data/raw/mir_anuario_general_crime_2015-2023.csv, per-100k rates in data/processed/general_crime_trends.csv (T84)."
"85","MIR_AnuarioEstadistico_2023","2023","2022","2022","general_crime_homicide","perpetrator","foreign","ALL_FOREIGN","482","32.1","detenciones_total_all_nationalities","1500","count_detained","anuario_seguridad_ciudadana_extranjeros","medium","General crime (non-sexual-violence-specific), category=homicide. Source: Anuario Estadístico 2023 ed., ""DETENCIONES E INVESTIGADOS EXTRANJEROS"" table (p.121), cross-referenced against the same edition's all-nationality total. Spanish-vs-foreign split ONLY -- no per-country breakdown exists in this source (confirmed T83); full sex-split detail in data/raw/mir_anuario_general_crime_2015-2023.csv, per-100k rates in data/processed/general_crime_trends.csv (T84)."
"86","MIR_AnuarioEstadistico_2023","2023","2022","2022","general_crime_homicide","perpetrator","spanish","ES","1018","67.9","detenciones_total_all_nationalities","1500","count_detained","anuario_seguridad_ciudadana_extranjeros","medium","General crime (non-sexual-violence-specific), category=homicide. Source: Anuario Estadístico 2023 ed., ""DETENCIONES E INVESTIGADOS EXTRANJEROS"" table (p.121), cross-referenced against the same edition's all-nationality total. Spanish-vs-foreign split ONLY -- no per-country breakdown exists in this source (confirmed T83); full sex-split detail in data/raw/mir_anuario_general_crime_2015-2023.csv, per-100k rates in data/processed/general_crime_trends.csv (T84)."
"87","MIR_AnuarioEstadistico_2023","2023","2022","2022","general_crime_robbery","perpetrator","foreign","ALL_FOREIGN","18479","39.5","detenciones_total_all_nationalities","46752","count_detained","anuario_seguridad_ciudadana_extranjeros","medium","General crime (non-sexual-violence-specific), category=robbery. Source: Anuario Estadístico 2023 ed., ""DETENCIONES E INVESTIGADOS EXTRANJEROS"" table (p.121), cross-referenced against the same edition's all-nationality total. Spanish-vs-foreign split ONLY -- no per-country breakdown exists in this source (confirmed T83); full sex-split detail in data/raw/mir_anuario_general_crime_2015-2023.csv, per-100k rates in data/processed/general_crime_trends.csv (T84)."
"88","MIR_AnuarioEstadistico_2023","2023","2022","2022","general_crime_robbery","perpetrator","spanish","ES","28273","60.5","detenciones_total_all_nationalities","46752","count_detained","anuario_seguridad_ciudadana_extranjeros","medium","General crime (non-sexual-violence-specific), category=robbery. Source: Anuario Estadístico 2023 ed., ""DETENCIONES E INVESTIGADOS EXTRANJEROS"" table (p.121), cross-referenced against the same edition's all-nationality total. Spanish-vs-foreign split ONLY -- no per-country breakdown exists in this source (confirmed T83); full sex-split detail in data/raw/mir_anuario_general_crime_2015-2023.csv, per-100k rates in data/processed/general_crime_trends.csv (T84)."
"89","MIR_AnuarioEstadistico_2023","2023","2022","2022","general_crime_sexual_assault","perpetrator","foreign","ALL_FOREIGN","4183","35.8","detenciones_total_all_nationalities","11699","count_detained","anuario_seguridad_ciudadana_extranjeros","medium","General crime (non-sexual-violence-specific), category=sexual_assault. Source: Anuario Estadístico 2023 ed., ""DETENCIONES E INVESTIGADOS EXTRANJEROS"" table (p.121), cross-referenced against the same edition's all-nationality total. Spanish-vs-foreign split ONLY -- no per-country breakdown exists in this source (confirmed T83); full sex-split detail in data/raw/mir_anuario_general_crime_2015-2023.csv, per-100k rates in data/processed/general_crime_trends.csv (T84)."
"90","MIR_AnuarioEstadistico_2023","2023","2022","2022","general_crime_sexual_assault","perpetrator","spanish","ES","7516","64.2","detenciones_total_all_nationalities","11699","count_detained","anuario_seguridad_ciudadana_extranjeros","medium","General crime (non-sexual-violence-specific), category=sexual_assault. Source: Anuario Estadístico 2023 ed., ""DETENCIONES E INVESTIGADOS EXTRANJEROS"" table (p.121), cross-referenced against the same edition's all-nationality total. Spanish-vs-foreign split ONLY -- no per-country breakdown exists in this source (confirmed T83); full sex-split detail in data/raw/mir_anuario_general_crime_2015-2023.csv, per-100k rates in data/processed/general_crime_trends.csv (T84)."
"91","MIR_AnuarioEstadistico_2023","2023","2023","2023","general_crime_homicide","perpetrator","foreign","ALL_FOREIGN","568","34.8","detenciones_total_all_nationalities","1631","count_detained","anuario_seguridad_ciudadana_extranjeros","medium","General crime (non-sexual-violence-specific), category=homicide. Source: Anuario Estadístico 2023 ed., ""DETENCIONES E INVESTIGADOS EXTRANJEROS"" table (p.121), cross-referenced against the same edition's all-nationality total. Spanish-vs-foreign split ONLY -- no per-country breakdown exists in this source (confirmed T83); full sex-split detail in data/raw/mir_anuario_general_crime_2015-2023.csv, per-100k rates in data/processed/general_crime_trends.csv (T84)."
"92","MIR_AnuarioEstadistico_2023","2023","2023","2023","general_crime_homicide","perpetrator","spanish","ES","1063","65.2","detenciones_total_all_nationalities","1631","count_detained","anuario_seguridad_ciudadana_extranjeros","medium","General crime (non-sexual-violence-specific), category=homicide. Source: Anuario Estadístico 2023 ed., ""DETENCIONES E INVESTIGADOS EXTRANJEROS"" table (p.121), cross-referenced against the same edition's all-nationality total. Spanish-vs-foreign split ONLY -- no per-country breakdown exists in this source (confirmed T83); full sex-split detail in data/raw/mir_anuario_general_crime_2015-2023.csv, per-100k rates in data/processed/general_crime_trends.csv (T84)."
"93","MIR_AnuarioEstadistico_2023","2023","2023","2023","general_crime_robbery","perpetrator","foreign","ALL_FOREIGN","21221","41.1","detenciones_total_all_nationalities","51656","count_detained","anuario_seguridad_ciudadana_extranjeros","medium","General crime (non-sexual-violence-specific), category=robbery. Source: Anuario Estadístico 2023 ed., ""DETENCIONES E INVESTIGADOS EXTRANJEROS"" table (p.121), cross-referenced against the same edition's all-nationality total. Spanish-vs-foreign split ONLY -- no per-country breakdown exists in this source (confirmed T83); full sex-split detail in data/raw/mir_anuario_general_crime_2015-2023.csv, per-100k rates in data/processed/general_crime_trends.csv (T84)."
"94","MIR_AnuarioEstadistico_2023","2023","2023","2023","general_crime_robbery","perpetrator","spanish","ES","30435","58.9","detenciones_total_all_nationalities","51656","count_detained","anuario_seguridad_ciudadana_extranjeros","medium","General crime (non-sexual-violence-specific), category=robbery. Source: Anuario Estadístico 2023 ed., ""DETENCIONES E INVESTIGADOS EXTRANJEROS"" table (p.121), cross-referenced against the same edition's all-nationality total. Spanish-vs-foreign split ONLY -- no per-country breakdown exists in this source (confirmed T83); full sex-split detail in data/raw/mir_anuario_general_crime_2015-2023.csv, per-100k rates in data/processed/general_crime_trends.csv (T84)."
"95","MIR_AnuarioEstadistico_2023","2023","2023","2023","general_crime_sexual_assault","perpetrator","foreign","ALL_FOREIGN","5136","37.3","detenciones_total_all_nationalities","13767","count_detained","anuario_seguridad_ciudadana_extranjeros","medium","General crime (non-sexual-violence-specific), category=sexual_assault. Source: Anuario Estadístico 2023 ed., ""DETENCIONES E INVESTIGADOS EXTRANJEROS"" table (p.121), cross-referenced against the same edition's all-nationality total. Spanish-vs-foreign split ONLY -- no per-country breakdown exists in this source (confirmed T83); full sex-split detail in data/raw/mir_anuario_general_crime_2015-2023.csv, per-100k rates in data/processed/general_crime_trends.csv (T84)."
"96","MIR_AnuarioEstadistico_2023","2023","2023","2023","general_crime_sexual_assault","perpetrator","spanish","ES","8631","62.7","detenciones_total_all_nationalities","13767","count_detained","anuario_seguridad_ciudadana_extranjeros","medium","General crime (non-sexual-violence-specific), category=sexual_assault. Source: Anuario Estadístico 2023 ed., ""DETENCIONES E INVESTIGADOS EXTRANJEROS"" table (p.121), cross-referenced against the same edition's all-nationality total. Spanish-vs-foreign split ONLY -- no per-country breakdown exists in this source (confirmed T83); full sex-split detail in data/raw/mir_anuario_general_crime_2015-2023.csv, per-100k rates in data/processed/general_crime_trends.csv (T84)."
