source_table,period,year,crime_type,age_group,nationality,location,relationship,count,confidence,notes
1,2015-2019,2015,ABUSO SEXUAL,,,,,3393,high,"From MIR_ViolenceWomen_2015-2019.pdf, Violencia Sexual chapter"
1,2015-2019,2015,AGRESIÓN SEXUAL,,,,,1580,high,"From MIR_ViolenceWomen_2015-2019.pdf, Violencia Sexual chapter"
1,2015-2019,2015,AGRESIÓN SEXUAL CON PENETRACIÓN,,,,,1049,high,"From MIR_ViolenceWomen_2015-2019.pdf, Violencia Sexual chapter"
1,2015-2019,2015,ABUSO SEXUAL CON PENETRACIÓN,,,,,432,high,"From MIR_ViolenceWomen_2015-2019.pdf, Violencia Sexual chapter"
1,2015-2019,2015,ACOSO SEXUAL,,,,,237,high,"From MIR_ViolenceWomen_2015-2019.pdf, Violencia Sexual chapter"
1,2015-2019,2015,MUTILACION GENITAL,,,,,1,high,"From MIR_ViolenceWomen_2015-2019.pdf, Violencia Sexual chapter"
1,2015-2019,2015,TOTAL,,,,,6692,high,"From MIR_ViolenceWomen_2015-2019.pdf, Violencia Sexual chapter"
1,2015-2019,2016,ABUSO SEXUAL,,,,,3916,high,"From MIR_ViolenceWomen_2015-2019.pdf, Violencia Sexual chapter"
1,2015-2019,2016,AGRESIÓN SEXUAL,,,,,1582,high,"From MIR_ViolenceWomen_2015-2019.pdf, Violencia Sexual chapter"
1,2015-2019,2016,AGRESIÓN SEXUAL CON PENETRACIÓN,,,,,1062,high,"From MIR_ViolenceWomen_2015-2019.pdf, Violencia Sexual chapter"
1,2015-2019,2016,ABUSO SEXUAL CON PENETRACIÓN,,,,,629,high,"From MIR_ViolenceWomen_2015-2019.pdf, Violencia Sexual chapter"
1,2015-2019,2016,ACOSO SEXUAL,,,,,317,high,"From MIR_ViolenceWomen_2015-2019.pdf, Violencia Sexual chapter"
1,2015-2019,2016,MUTILACION GENITAL,,,,,0,high,"From MIR_ViolenceWomen_2015-2019.pdf, Violencia Sexual chapter"
1,2015-2019,2016,TOTAL,,,,,7506,high,"From MIR_ViolenceWomen_2015-2019.pdf, Violencia Sexual chapter"
1,2015-2019,2017,ABUSO SEXUAL,,,,,4339,high,"From MIR_ViolenceWomen_2015-2019.pdf, Violencia Sexual chapter"
1,2015-2019,2017,AGRESIÓN SEXUAL,,,,,1596,high,"From MIR_ViolenceWomen_2015-2019.pdf, Violencia Sexual chapter"
1,2015-2019,2017,AGRESIÓN SEXUAL CON PENETRACIÓN,,,,,1193,high,"From MIR_ViolenceWomen_2015-2019.pdf, Violencia Sexual chapter"
1,2015-2019,2017,ABUSO SEXUAL CON PENETRACIÓN,,,,,766,high,"From MIR_ViolenceWomen_2015-2019.pdf, Violencia Sexual chapter"
1,2015-2019,2017,ACOSO SEXUAL,,,,,344,high,"From MIR_ViolenceWomen_2015-2019.pdf, Violencia Sexual chapter"
1,2015-2019,2017,MUTILACION GENITAL,,,,,1,high,"From MIR_ViolenceWomen_2015-2019.pdf, Violencia Sexual chapter"
1,2015-2019,2017,TOTAL,,,,,8239,high,"From MIR_ViolenceWomen_2015-2019.pdf, Violencia Sexual chapter"
1,2015-2019,2018,ABUSO SEXUAL,,,,,5690,high,"From MIR_ViolenceWomen_2015-2019.pdf, Violencia Sexual chapter"
1,2015-2019,2018,AGRESIÓN SEXUAL,,,,,1772,high,"From MIR_ViolenceWomen_2015-2019.pdf, Violencia Sexual chapter"
1,2015-2019,2018,AGRESIÓN SEXUAL CON PENETRACIÓN,,,,,1454,high,"From MIR_ViolenceWomen_2015-2019.pdf, Violencia Sexual chapter"
1,2015-2019,2018,ABUSO SEXUAL CON PENETRACIÓN,,,,,1019,high,"From MIR_ViolenceWomen_2015-2019.pdf, Violencia Sexual chapter"
1,2015-2019,2018,ACOSO SEXUAL,,,,,435,high,"From MIR_ViolenceWomen_2015-2019.pdf, Violencia Sexual chapter"
1,2015-2019,2018,MUTILACION GENITAL,,,,,1,high,"From MIR_ViolenceWomen_2015-2019.pdf, Violencia Sexual chapter"
1,2015-2019,2018,TOTAL,,,,,10371,high,"From MIR_ViolenceWomen_2015-2019.pdf, Violencia Sexual chapter"
1,2015-2019,2019,ABUSO SEXUAL,,,,,6368,high,"From MIR_ViolenceWomen_2015-2019.pdf, Violencia Sexual chapter"
1,2015-2019,2019,AGRESIÓN SEXUAL,,,,,1918,high,"From MIR_ViolenceWomen_2015-2019.pdf, Violencia Sexual chapter"
1,2015-2019,2019,AGRESIÓN SEXUAL CON PENETRACIÓN,,,,,1609,high,"From MIR_ViolenceWomen_2015-2019.pdf, Violencia Sexual chapter"
1,2015-2019,2019,ABUSO SEXUAL CON PENETRACIÓN,,,,,1104,high,"From MIR_ViolenceWomen_2015-2019.pdf, Violencia Sexual chapter"
1,2015-2019,2019,ACOSO SEXUAL,,,,,523,high,"From MIR_ViolenceWomen_2015-2019.pdf, Violencia Sexual chapter"
1,2015-2019,2019,MUTILACION GENITAL,,,,,3,high,"From MIR_ViolenceWomen_2015-2019.pdf, Violencia Sexual chapter"
1,2015-2019,2019,TOTAL,,,,,11525,high,"From MIR_ViolenceWomen_2015-2019.pdf, Violencia Sexual chapter"
1,2015-2019,2015-2019,ABUSO SEXUAL,,,,,23706,high,"From MIR_ViolenceWomen_2015-2019.pdf, Violencia Sexual chapter"
1,2015-2019,2015-2019,AGRESIÓN SEXUAL,,,,,8448,high,"From MIR_ViolenceWomen_2015-2019.pdf, Violencia Sexual chapter"
1,2015-2019,2015-2019,AGRESIÓN SEXUAL CON PENETRACIÓN,,,,,6367,high,"From MIR_ViolenceWomen_2015-2019.pdf, Violencia Sexual chapter"
1,2015-2019,2015-2019,ABUSO SEXUAL CON PENETRACIÓN,,,,,3950,high,"From MIR_ViolenceWomen_2015-2019.pdf, Violencia Sexual chapter"
1,2015-2019,2015-2019,ACOSO SEXUAL,,,,,1856,high,"From MIR_ViolenceWomen_2015-2019.pdf, Violencia Sexual chapter"
1,2015-2019,2015-2019,MUTILACION GENITAL,,,,,6,high,"From MIR_ViolenceWomen_2015-2019.pdf, Violencia Sexual chapter"
1,2015-2019,2015-2019,TOTAL,,,,,44333,high,"From MIR_ViolenceWomen_2015-2019.pdf, Violencia Sexual chapter"
2,2015-2019,2015-2019,ABUSO SEXUAL,Descon.,,,,100,high,"From MIR_ViolenceWomen_2015-2019.pdf, Violencia Sexual chapter"
2,2015-2019,2015-2019,AGRESIÓN SEXUAL,Descon.,,,,19,high,"From MIR_ViolenceWomen_2015-2019.pdf, Violencia Sexual chapter"
2,2015-2019,2015-2019,AGRESIÓN SEXUAL CON PENETRACIÓN,Descon.,,,,9,high,"From MIR_ViolenceWomen_2015-2019.pdf, Violencia Sexual chapter"
2,2015-2019,2015-2019,ABUSO SEXUAL CON PENETRACIÓN,Descon.,,,,8,high,"From MIR_ViolenceWomen_2015-2019.pdf, Violencia Sexual chapter"
2,2015-2019,2015-2019,ACOSO SEXUAL,Descon.,,,,7,high,"From MIR_ViolenceWomen_2015-2019.pdf, Violencia Sexual chapter"
2,2015-2019,2015-2019,MUTILACION GENITAL,Descon.,,,,0,high,"From MIR_ViolenceWomen_2015-2019.pdf, Violencia Sexual chapter"
2,2015-2019,2015-2019,TOTAL,Descon.,,,,143,high,"From MIR_ViolenceWomen_2015-2019.pdf, Violencia Sexual chapter"
2,2015-2019,2015-2019,ABUSO SEXUAL,Menor,,,,11023,high,"From MIR_ViolenceWomen_2015-2019.pdf, Violencia Sexual chapter"
2,2015-2019,2015-2019,AGRESIÓN SEXUAL,Menor,,,,2473,high,"From MIR_ViolenceWomen_2015-2019.pdf, Violencia Sexual chapter"
2,2015-2019,2015-2019,AGRESIÓN SEXUAL CON PENETRACIÓN,Menor,,,,1792,high,"From MIR_ViolenceWomen_2015-2019.pdf, Violencia Sexual chapter"
2,2015-2019,2015-2019,ABUSO SEXUAL CON PENETRACIÓN,Menor,,,,1771,high,"From MIR_ViolenceWomen_2015-2019.pdf, Violencia Sexual chapter"
2,2015-2019,2015-2019,ACOSO SEXUAL,Menor,,,,388,high,"From MIR_ViolenceWomen_2015-2019.pdf, Violencia Sexual chapter"
2,2015-2019,2015-2019,MUTILACION GENITAL,Menor,,,,6,high,"From MIR_ViolenceWomen_2015-2019.pdf, Violencia Sexual chapter"
2,2015-2019,2015-2019,TOTAL,Menor,,,,17453,high,"From MIR_ViolenceWomen_2015-2019.pdf, Violencia Sexual chapter"
2,2015-2019,2015-2019,ABUSO SEXUAL,18-30,,,,7009,high,"From MIR_ViolenceWomen_2015-2019.pdf, Violencia Sexual chapter"
2,2015-2019,2015-2019,AGRESIÓN SEXUAL,18-30,,,,3239,high,"From MIR_ViolenceWomen_2015-2019.pdf, Violencia Sexual chapter"
2,2015-2019,2015-2019,AGRESIÓN SEXUAL CON PENETRACIÓN,18-30,,,,2428,high,"From MIR_ViolenceWomen_2015-2019.pdf, Violencia Sexual chapter"
2,2015-2019,2015-2019,ABUSO SEXUAL CON PENETRACIÓN,18-30,,,,1276,high,"From MIR_ViolenceWomen_2015-2019.pdf, Violencia Sexual chapter"
2,2015-2019,2015-2019,ACOSO SEXUAL,18-30,,,,698,high,"From MIR_ViolenceWomen_2015-2019.pdf, Violencia Sexual chapter"
2,2015-2019,2015-2019,MUTILACION GENITAL,18-30,,,,0,high,"From MIR_ViolenceWomen_2015-2019.pdf, Violencia Sexual chapter"
2,2015-2019,2015-2019,TOTAL,18-30,,,,14650,high,"From MIR_ViolenceWomen_2015-2019.pdf, Violencia Sexual chapter"
2,2015-2019,2015-2019,ABUSO SEXUAL,31-40,,,,2729,high,"From MIR_ViolenceWomen_2015-2019.pdf, Violencia Sexual chapter"
2,2015-2019,2015-2019,AGRESIÓN SEXUAL,31-40,,,,1313,high,"From MIR_ViolenceWomen_2015-2019.pdf, Violencia Sexual chapter"
2,2015-2019,2015-2019,AGRESIÓN SEXUAL CON PENETRACIÓN,31-40,,,,1080,high,"From MIR_ViolenceWomen_2015-2019.pdf, Violencia Sexual chapter"
2,2015-2019,2015-2019,ABUSO SEXUAL CON PENETRACIÓN,31-40,,,,488,high,"From MIR_ViolenceWomen_2015-2019.pdf, Violencia Sexual chapter"
2,2015-2019,2015-2019,ACOSO SEXUAL,31-40,,,,350,high,"From MIR_ViolenceWomen_2015-2019.pdf, Violencia Sexual chapter"
2,2015-2019,2015-2019,MUTILACION GENITAL,31-40,,,,0,high,"From MIR_ViolenceWomen_2015-2019.pdf, Violencia Sexual chapter"
2,2015-2019,2015-2019,TOTAL,31-40,,,,5960,high,"From MIR_ViolenceWomen_2015-2019.pdf, Violencia Sexual chapter"
2,2015-2019,2015-2019,ABUSO SEXUAL,41-50,,,,1874,high,"From MIR_ViolenceWomen_2015-2019.pdf, Violencia Sexual chapter"
2,2015-2019,2015-2019,AGRESIÓN SEXUAL,41-50,,,,935,high,"From MIR_ViolenceWomen_2015-2019.pdf, Violencia Sexual chapter"
2,2015-2019,2015-2019,AGRESIÓN SEXUAL CON PENETRACIÓN,41-50,,,,743,high,"From MIR_ViolenceWomen_2015-2019.pdf, Violencia Sexual chapter"
2,2015-2019,2015-2019,ABUSO SEXUAL CON PENETRACIÓN,41-50,,,,290,high,"From MIR_ViolenceWomen_2015-2019.pdf, Violencia Sexual chapter"
2,2015-2019,2015-2019,ACOSO SEXUAL,41-50,,,,283,high,"From MIR_ViolenceWomen_2015-2019.pdf, Violencia Sexual chapter"
2,2015-2019,2015-2019,MUTILACION GENITAL,41-50,,,,0,high,"From MIR_ViolenceWomen_2015-2019.pdf, Violencia Sexual chapter"
2,2015-2019,2015-2019,TOTAL,41-50,,,,4125,high,"From MIR_ViolenceWomen_2015-2019.pdf, Violencia Sexual chapter"
2,2015-2019,2015-2019,ABUSO SEXUAL,51-65,,,,735,high,"From MIR_ViolenceWomen_2015-2019.pdf, Violencia Sexual chapter"
2,2015-2019,2015-2019,AGRESIÓN SEXUAL,51-65,,,,371,high,"From MIR_ViolenceWomen_2015-2019.pdf, Violencia Sexual chapter"
2,2015-2019,2015-2019,AGRESIÓN SEXUAL CON PENETRACIÓN,51-65,,,,264,high,"From MIR_ViolenceWomen_2015-2019.pdf, Violencia Sexual chapter"
2,2015-2019,2015-2019,ABUSO SEXUAL CON PENETRACIÓN,51-65,,,,101,high,"From MIR_ViolenceWomen_2015-2019.pdf, Violencia Sexual chapter"
2,2015-2019,2015-2019,ACOSO SEXUAL,51-65,,,,115,high,"From MIR_ViolenceWomen_2015-2019.pdf, Violencia Sexual chapter"
2,2015-2019,2015-2019,MUTILACION GENITAL,51-65,,,,0,high,"From MIR_ViolenceWomen_2015-2019.pdf, Violencia Sexual chapter"
2,2015-2019,2015-2019,TOTAL,51-65,,,,1586,high,"From MIR_ViolenceWomen_2015-2019.pdf, Violencia Sexual chapter"
2,2015-2019,2015-2019,ABUSO SEXUAL,>65,,,,236,high,"From MIR_ViolenceWomen_2015-2019.pdf, Violencia Sexual chapter"
2,2015-2019,2015-2019,AGRESIÓN SEXUAL,>65,,,,98,high,"From MIR_ViolenceWomen_2015-2019.pdf, Violencia Sexual chapter"
2,2015-2019,2015-2019,AGRESIÓN SEXUAL CON PENETRACIÓN,>65,,,,51,high,"From MIR_ViolenceWomen_2015-2019.pdf, Violencia Sexual chapter"
2,2015-2019,2015-2019,ABUSO SEXUAL CON PENETRACIÓN,>65,,,,16,high,"From MIR_ViolenceWomen_2015-2019.pdf, Violencia Sexual chapter"
2,2015-2019,2015-2019,ACOSO SEXUAL,>65,,,,15,high,"From MIR_ViolenceWomen_2015-2019.pdf, Violencia Sexual chapter"
2,2015-2019,2015-2019,MUTILACION GENITAL,>65,,,,0,high,"From MIR_ViolenceWomen_2015-2019.pdf, Violencia Sexual chapter"
2,2015-2019,2015-2019,TOTAL,>65,,,,416,high,"From MIR_ViolenceWomen_2015-2019.pdf, Violencia Sexual chapter"
2,2015-2019,2015-2019,ABUSO SEXUAL,TOTAL,,,,23706,high,"From MIR_ViolenceWomen_2015-2019.pdf, Violencia Sexual chapter"
2,2015-2019,2015-2019,AGRESIÓN SEXUAL,TOTAL,,,,8448,high,"From MIR_ViolenceWomen_2015-2019.pdf, Violencia Sexual chapter"
2,2015-2019,2015-2019,AGRESIÓN SEXUAL CON PENETRACIÓN,TOTAL,,,,6367,high,"From MIR_ViolenceWomen_2015-2019.pdf, Violencia Sexual chapter"
2,2015-2019,2015-2019,ABUSO SEXUAL CON PENETRACIÓN,TOTAL,,,,3950,high,"From MIR_ViolenceWomen_2015-2019.pdf, Violencia Sexual chapter"
2,2015-2019,2015-2019,ACOSO SEXUAL,TOTAL,,,,1856,high,"From MIR_ViolenceWomen_2015-2019.pdf, Violencia Sexual chapter"
2,2015-2019,2015-2019,MUTILACION GENITAL,TOTAL,,,,6,high,"From MIR_ViolenceWomen_2015-2019.pdf, Violencia Sexual chapter"
2,2015-2019,2015-2019,TOTAL,TOTAL,,,,44333,high,"From MIR_ViolenceWomen_2015-2019.pdf, Violencia Sexual chapter"
3,2015-2019,2015-2019,ABUSO SEXUAL,,Española,,,19000,high,"From MIR_ViolenceWomen_2015-2019.pdf, Violencia Sexual chapter"
3,2015-2019,2015-2019,ABUSO SEXUAL CON PENETRACIÓN,,Española,,,2829,high,"From MIR_ViolenceWomen_2015-2019.pdf, Violencia Sexual chapter"
3,2015-2019,2015-2019,ACOSO SEXUAL,,Española,,,1533,high,"From MIR_ViolenceWomen_2015-2019.pdf, Violencia Sexual chapter"
3,2015-2019,2015-2019,AGRESIÓN SEXUAL,,Española,,,6005,high,"From MIR_ViolenceWomen_2015-2019.pdf, Violencia Sexual chapter"
3,2015-2019,2015-2019,AGRESIÓN SEXUAL CON PENETRACIÓN,,Española,,,4189,high,"From MIR_ViolenceWomen_2015-2019.pdf, Violencia Sexual chapter"
3,2015-2019,2015-2019,MUTILACION GENITAL,,Española,,,0,high,"From MIR_ViolenceWomen_2015-2019.pdf, Violencia Sexual chapter"
3,2015-2019,2015-2019,TOTAL,,Española,,,33556,high,"From MIR_ViolenceWomen_2015-2019.pdf, Violencia Sexual chapter"
3,2015-2019,2015-2019,ABUSO SEXUAL,,Extranjera,,,4706,high,"From MIR_ViolenceWomen_2015-2019.pdf, Violencia Sexual chapter"
3,2015-2019,2015-2019,ABUSO SEXUAL CON PENETRACIÓN,,Extranjera,,,1121,high,"From MIR_ViolenceWomen_2015-2019.pdf, Violencia Sexual chapter"
3,2015-2019,2015-2019,ACOSO SEXUAL,,Extranjera,,,323,high,"From MIR_ViolenceWomen_2015-2019.pdf, Violencia Sexual chapter"
3,2015-2019,2015-2019,AGRESIÓN SEXUAL,,Extranjera,,,2443,high,"From MIR_ViolenceWomen_2015-2019.pdf, Violencia Sexual chapter"
3,2015-2019,2015-2019,AGRESIÓN SEXUAL CON PENETRACIÓN,,Extranjera,,,2178,high,"From MIR_ViolenceWomen_2015-2019.pdf, Violencia Sexual chapter"
3,2015-2019,2015-2019,MUTILACION GENITAL,,Extranjera,,,6,high,"From MIR_ViolenceWomen_2015-2019.pdf, Violencia Sexual chapter"
3,2015-2019,2015-2019,TOTAL,,Extranjera,,,10777,high,"From MIR_ViolenceWomen_2015-2019.pdf, Violencia Sexual chapter"
3,2015-2019,2015-2019,ABUSO SEXUAL,,TOTAL,,,23706,high,"From MIR_ViolenceWomen_2015-2019.pdf, Violencia Sexual chapter"
3,2015-2019,2015-2019,ABUSO SEXUAL CON PENETRACIÓN,,TOTAL,,,3950,high,"From MIR_ViolenceWomen_2015-2019.pdf, Violencia Sexual chapter"
3,2015-2019,2015-2019,ACOSO SEXUAL,,TOTAL,,,1856,high,"From MIR_ViolenceWomen_2015-2019.pdf, Violencia Sexual chapter"
3,2015-2019,2015-2019,AGRESIÓN SEXUAL,,TOTAL,,,8448,high,"From MIR_ViolenceWomen_2015-2019.pdf, Violencia Sexual chapter"
3,2015-2019,2015-2019,AGRESIÓN SEXUAL CON PENETRACIÓN,,TOTAL,,,6367,high,"From MIR_ViolenceWomen_2015-2019.pdf, Violencia Sexual chapter"
3,2015-2019,2015-2019,MUTILACION GENITAL,,TOTAL,,,6,high,"From MIR_ViolenceWomen_2015-2019.pdf, Violencia Sexual chapter"
3,2015-2019,2015-2019,TOTAL,,TOTAL,,,44333,high,"From MIR_ViolenceWomen_2015-2019.pdf, Violencia Sexual chapter"
4,2015-2019,2015,,,,VIVIENDAS Y ANEXOS,,3312,high,"From MIR_ViolenceWomen_2015-2019.pdf, Violencia Sexual chapter"
4,2015-2019,2016,,,,VIVIENDAS Y ANEXOS,,3665,high,"From MIR_ViolenceWomen_2015-2019.pdf, Violencia Sexual chapter"
4,2015-2019,2017,,,,VIVIENDAS Y ANEXOS,,3932,high,"From MIR_ViolenceWomen_2015-2019.pdf, Violencia Sexual chapter"
4,2015-2019,2018,,,,VIVIENDAS Y ANEXOS,,4831,high,"From MIR_ViolenceWomen_2015-2019.pdf, Violencia Sexual chapter"
4,2015-2019,2019,,,,VIVIENDAS Y ANEXOS,,5558,high,"From MIR_ViolenceWomen_2015-2019.pdf, Violencia Sexual chapter"
4,2015-2019,2015-2019,,,,VIVIENDAS Y ANEXOS,,21298,high,"From MIR_ViolenceWomen_2015-2019.pdf, Violencia Sexual chapter"
4,2015-2019,2015,,,,VÍAS DE COMUNICACIÓN,,1506,high,"From MIR_ViolenceWomen_2015-2019.pdf, Violencia Sexual chapter"
4,2015-2019,2016,,,,VÍAS DE COMUNICACIÓN,,1659,high,"From MIR_ViolenceWomen_2015-2019.pdf, Violencia Sexual chapter"
4,2015-2019,2017,,,,VÍAS DE COMUNICACIÓN,,1888,high,"From MIR_ViolenceWomen_2015-2019.pdf, Violencia Sexual chapter"
4,2015-2019,2018,,,,VÍAS DE COMUNICACIÓN,,2220,high,"From MIR_ViolenceWomen_2015-2019.pdf, Violencia Sexual chapter"
4,2015-2019,2019,,,,VÍAS DE COMUNICACIÓN,,2338,high,"From MIR_ViolenceWomen_2015-2019.pdf, Violencia Sexual chapter"
4,2015-2019,2015-2019,,,,VÍAS DE COMUNICACIÓN,,9611,high,"From MIR_ViolenceWomen_2015-2019.pdf, Violencia Sexual chapter"
4,2015-2019,2015,,,,INSTALACIONES Y RECINTOS,,674,high,"From MIR_ViolenceWomen_2015-2019.pdf, Violencia Sexual chapter"
4,2015-2019,2016,,,,INSTALACIONES Y RECINTOS,,765,high,"From MIR_ViolenceWomen_2015-2019.pdf, Violencia Sexual chapter"
4,2015-2019,2017,,,,INSTALACIONES Y RECINTOS,,819,high,"From MIR_ViolenceWomen_2015-2019.pdf, Violencia Sexual chapter"
4,2015-2019,2018,,,,INSTALACIONES Y RECINTOS,,1264,high,"From MIR_ViolenceWomen_2015-2019.pdf, Violencia Sexual chapter"
4,2015-2019,2019,,,,INSTALACIONES Y RECINTOS,,1326,high,"From MIR_ViolenceWomen_2015-2019.pdf, Violencia Sexual chapter"
4,2015-2019,2015-2019,,,,INSTALACIONES Y RECINTOS,,4848,high,"From MIR_ViolenceWomen_2015-2019.pdf, Violencia Sexual chapter"
4,2015-2019,2015,,,,ESTABLECIMIENTOS,,569,high,"From MIR_ViolenceWomen_2015-2019.pdf, Violencia Sexual chapter"
4,2015-2019,2016,,,,ESTABLECIMIENTOS,,700,high,"From MIR_ViolenceWomen_2015-2019.pdf, Violencia Sexual chapter"
4,2015-2019,2017,,,,ESTABLECIMIENTOS,,814,high,"From MIR_ViolenceWomen_2015-2019.pdf, Violencia Sexual chapter"
4,2015-2019,2018,,,,ESTABLECIMIENTOS,,1105,high,"From MIR_ViolenceWomen_2015-2019.pdf, Violencia Sexual chapter"
4,2015-2019,2019,,,,ESTABLECIMIENTOS,,1244,high,"From MIR_ViolenceWomen_2015-2019.pdf, Violencia Sexual chapter"
4,2015-2019,2015-2019,,,,ESTABLECIMIENTOS,,4432,high,"From MIR_ViolenceWomen_2015-2019.pdf, Violencia Sexual chapter"
4,2015-2019,2015,,,,ESPACIOS ABIERTOS,,503,high,"From MIR_ViolenceWomen_2015-2019.pdf, Violencia Sexual chapter"
4,2015-2019,2016,,,,ESPACIOS ABIERTOS,,564,high,"From MIR_ViolenceWomen_2015-2019.pdf, Violencia Sexual chapter"
4,2015-2019,2017,,,,ESPACIOS ABIERTOS,,584,high,"From MIR_ViolenceWomen_2015-2019.pdf, Violencia Sexual chapter"
4,2015-2019,2018,,,,ESPACIOS ABIERTOS,,699,high,"From MIR_ViolenceWomen_2015-2019.pdf, Violencia Sexual chapter"
4,2015-2019,2019,,,,ESPACIOS ABIERTOS,,776,high,"From MIR_ViolenceWomen_2015-2019.pdf, Violencia Sexual chapter"
4,2015-2019,2015-2019,,,,ESPACIOS ABIERTOS,,3126,high,"From MIR_ViolenceWomen_2015-2019.pdf, Violencia Sexual chapter"
4,2015-2019,2015,,,,MEDIOS DE TRANSPORTE,,128,high,"From MIR_ViolenceWomen_2015-2019.pdf, Violencia Sexual chapter"
4,2015-2019,2016,,,,MEDIOS DE TRANSPORTE,,153,high,"From MIR_ViolenceWomen_2015-2019.pdf, Violencia Sexual chapter"
4,2015-2019,2017,,,,MEDIOS DE TRANSPORTE,,202,high,"From MIR_ViolenceWomen_2015-2019.pdf, Violencia Sexual chapter"
4,2015-2019,2018,,,,MEDIOS DE TRANSPORTE,,252,high,"From MIR_ViolenceWomen_2015-2019.pdf, Violencia Sexual chapter"
4,2015-2019,2019,,,,MEDIOS DE TRANSPORTE,,283,high,"From MIR_ViolenceWomen_2015-2019.pdf, Violencia Sexual chapter"
4,2015-2019,2015-2019,,,,MEDIOS DE TRANSPORTE,,1018,high,"From MIR_ViolenceWomen_2015-2019.pdf, Violencia Sexual chapter"
4,2015-2019,2015,,,,TOTAL,,6692,high,"From MIR_ViolenceWomen_2015-2019.pdf, Violencia Sexual chapter"
4,2015-2019,2016,,,,TOTAL,,7506,high,"From MIR_ViolenceWomen_2015-2019.pdf, Violencia Sexual chapter"
4,2015-2019,2017,,,,TOTAL,,8239,high,"From MIR_ViolenceWomen_2015-2019.pdf, Violencia Sexual chapter"
4,2015-2019,2018,,,,TOTAL,,10371,high,"From MIR_ViolenceWomen_2015-2019.pdf, Violencia Sexual chapter"
4,2015-2019,2019,,,,TOTAL,,11525,high,"From MIR_ViolenceWomen_2015-2019.pdf, Violencia Sexual chapter"
4,2015-2019,2015-2019,,,,TOTAL,,44333,high,"From MIR_ViolenceWomen_2015-2019.pdf, Violencia Sexual chapter"
5,2015-2019,2015,,,,,Violencia de género,303,high,"From MIR_ViolenceWomen_2015-2019.pdf, Violencia Sexual chapter"
5,2015-2019,2016,,,,,Violencia de género,333,high,"From MIR_ViolenceWomen_2015-2019.pdf, Violencia Sexual chapter"
5,2015-2019,2017,,,,,Violencia de género,377,high,"From MIR_ViolenceWomen_2015-2019.pdf, Violencia Sexual chapter"
5,2015-2019,2018,,,,,Violencia de género,512,high,"From MIR_ViolenceWomen_2015-2019.pdf, Violencia Sexual chapter"
5,2015-2019,2019,,,,,Violencia de género,648,high,"From MIR_ViolenceWomen_2015-2019.pdf, Violencia Sexual chapter"
5,2015-2019,2015-2019,,,,,Violencia de género,2173,high,"From MIR_ViolenceWomen_2015-2019.pdf, Violencia Sexual chapter"
5,2015-2019,2015,,,,,Violencia doméstica,666,high,"From MIR_ViolenceWomen_2015-2019.pdf, Violencia Sexual chapter"
5,2015-2019,2016,,,,,Violencia doméstica,730,high,"From MIR_ViolenceWomen_2015-2019.pdf, Violencia Sexual chapter"
5,2015-2019,2017,,,,,Violencia doméstica,703,high,"From MIR_ViolenceWomen_2015-2019.pdf, Violencia Sexual chapter"
5,2015-2019,2018,,,,,Violencia doméstica,843,high,"From MIR_ViolenceWomen_2015-2019.pdf, Violencia Sexual chapter"
5,2015-2019,2019,,,,,Violencia doméstica,929,high,"From MIR_ViolenceWomen_2015-2019.pdf, Violencia Sexual chapter"
5,2015-2019,2015-2019,,,,,Violencia doméstica,3871,high,"From MIR_ViolenceWomen_2015-2019.pdf, Violencia Sexual chapter"
5,2015-2019,2015,,,,,Violencia otras relaciones,5723,high,"From MIR_ViolenceWomen_2015-2019.pdf, Violencia Sexual chapter"
5,2015-2019,2016,,,,,Violencia otras relaciones,6443,high,"From MIR_ViolenceWomen_2015-2019.pdf, Violencia Sexual chapter"
5,2015-2019,2017,,,,,Violencia otras relaciones,7159,high,"From MIR_ViolenceWomen_2015-2019.pdf, Violencia Sexual chapter"
5,2015-2019,2018,,,,,Violencia otras relaciones,9016,high,"From MIR_ViolenceWomen_2015-2019.pdf, Violencia Sexual chapter"
5,2015-2019,2019,,,,,Violencia otras relaciones,9948,high,"From MIR_ViolenceWomen_2015-2019.pdf, Violencia Sexual chapter"
5,2015-2019,2015-2019,,,,,Violencia otras relaciones,38289,high,"From MIR_ViolenceWomen_2015-2019.pdf, Violencia Sexual chapter"
5,2015-2019,2015,,,,,TOTAL,6692,high,"From MIR_ViolenceWomen_2015-2019.pdf, Violencia Sexual chapter"
5,2015-2019,2016,,,,,TOTAL,7506,high,"From MIR_ViolenceWomen_2015-2019.pdf, Violencia Sexual chapter"
5,2015-2019,2017,,,,,TOTAL,8239,high,"From MIR_ViolenceWomen_2015-2019.pdf, Violencia Sexual chapter"
5,2015-2019,2018,,,,,TOTAL,10371,high,"From MIR_ViolenceWomen_2015-2019.pdf, Violencia Sexual chapter"
5,2015-2019,2019,,,,,TOTAL,11525,high,"From MIR_ViolenceWomen_2015-2019.pdf, Violencia Sexual chapter"
5,2015-2019,2015-2019,,,,,TOTAL,44333,high,"From MIR_ViolenceWomen_2015-2019.pdf, Violencia Sexual chapter"
