"row_id","violence_type","metric","year","value","unit","sex","age_group","nationality","region","source_name","source_publication","source_table","source_url","confidence","notes"
"1","femicide_intimate_partner","count","2003","71","absolute","female","all","all","national","Delegacion_Gobierno","Estadística de Víctimas Mortales por Violencia de Género 2003","annual total","https://violenciagenero.igualdad.gob.es/violenciaEnCifras/victimasMortales/fichaMujeres/home.htm","high","First year of official registry; includes partner & ex-partner homicides only"
"2","femicide_intimate_partner","count","2004","72","absolute","female","all","all","national","Delegacion_Gobierno","Estadística de Víctimas Mortales por Violencia de Género 2004","annual total","https://violenciagenero.igualdad.gob.es/violenciaEnCifras/victimasMortales/fichaMujeres/home.htm","medium","Value from secondary summary; verify against primary annual report PDF"
"3","femicide_intimate_partner","count","2005","57","absolute","female","all","all","national","Delegacion_Gobierno","Estadística de Víctimas Mortales por Violencia de Género 2005","annual total","https://violenciagenero.igualdad.gob.es/violenciaEnCifras/victimasMortales/fichaMujeres/home.htm","medium","Value from secondary summary; verify against primary annual report PDF"
"4","femicide_intimate_partner","count","2006","69","absolute","female","all","all","national","Delegacion_Gobierno","Estadística de Víctimas Mortales por Violencia de Género 2006","annual total","https://violenciagenero.igualdad.gob.es/violenciaEnCifras/victimasMortales/fichaMujeres/home.htm","medium","Value from secondary summary"
"5","femicide_intimate_partner","count","2007","71","absolute","female","all","all","national","Delegacion_Gobierno","Estadística de Víctimas Mortales por Violencia de Género 2007","annual total","https://violenciagenero.igualdad.gob.es/violenciaEnCifras/victimasMortales/fichaMujeres/home.htm","medium","Value from secondary summary"
"6","femicide_intimate_partner","count","2008","76","absolute","female","all","all","national","Delegacion_Gobierno","Estadística de Víctimas Mortales por Violencia de Género 2008","annual total","https://violenciagenero.igualdad.gob.es/violenciaEnCifras/victimasMortales/fichaMujeres/home.htm","medium","Highest recorded year in series"
"7","femicide_intimate_partner","count","2009","56","absolute","female","all","all","national","Delegacion_Gobierno","Estadística de Víctimas Mortales por Violencia de Género 2009","annual total","https://violenciagenero.igualdad.gob.es/violenciaEnCifras/victimasMortales/fichaMujeres/home.htm","medium","Value from secondary summary"
"8","femicide_intimate_partner","count","2010","73","absolute","female","all","all","national","Delegacion_Gobierno","Estadística de Víctimas Mortales por Violencia de Género 2010","annual total","https://violenciagenero.igualdad.gob.es/violenciaEnCifras/victimasMortales/fichaMujeres/home.htm","medium","Value from secondary summary"
"9","femicide_intimate_partner","count","2011","61","absolute","female","all","all","national","Delegacion_Gobierno","Estadística de Víctimas Mortales por Violencia de Género 2011","annual total","https://violenciagenero.igualdad.gob.es/violenciaEnCifras/victimasMortales/fichaMujeres/home.htm","medium","Value from secondary summary"
"10","femicide_intimate_partner","count","2012","52","absolute","female","all","all","national","Delegacion_Gobierno","Estadística de Víctimas Mortales por Violencia de Género 2012","annual total","https://violenciagenero.igualdad.gob.es/violenciaEnCifras/victimasMortales/fichaMujeres/home.htm","medium","Value from secondary summary"
"11","femicide_intimate_partner","count","2013","54","absolute","female","all","all","national","Delegacion_Gobierno","Estadística de Víctimas Mortales por Violencia de Género 2013","annual total","https://violenciagenero.igualdad.gob.es/violenciaEnCifras/victimasMortales/fichaMujeres/home.htm","medium","Value from secondary summary"
"12","femicide_intimate_partner","count","2014","54","absolute","female","all","all","national","Delegacion_Gobierno","Estadística de Víctimas Mortales por Violencia de Género 2014","annual total","https://violenciagenero.igualdad.gob.es/violenciaEnCifras/victimasMortales/fichaMujeres/home.htm","medium","Value from secondary summary"
"13","femicide_intimate_partner","count","2015","60","absolute","female","all","all","national","Delegacion_Gobierno","Estadística de Víctimas Mortales por Violencia de Género 2015","annual total","https://violenciagenero.igualdad.gob.es/violenciaEnCifras/victimasMortales/fichaMujeres/home.htm","medium","Value from secondary summary"
"14","femicide_intimate_partner","count","2016","49","absolute","female","all","all","national","Delegacion_Gobierno","Estadística de Víctimas Mortales por Violencia de Género 2016","annual total","https://violenciagenero.igualdad.gob.es/violenciaEnCifras/victimasMortales/fichaMujeres/home.htm","medium","Value from secondary summary"
"15","femicide_intimate_partner","count","2017","51","absolute","female","all","all","national","Delegacion_Gobierno","Estadística de Víctimas Mortales por Violencia de Género 2017","annual total","https://violenciagenero.igualdad.gob.es/violenciaEnCifras/victimasMortales/fichaMujeres/home.htm","medium","Value from secondary summary"
"16","femicide_intimate_partner","count","2018","47","absolute","female","all","all","national","Delegacion_Gobierno","Estadística de Víctimas Mortales por Violencia de Género 2018","annual total","https://violenciagenero.igualdad.gob.es/violenciaEnCifras/victimasMortales/fichaMujeres/home.htm","medium","Value from secondary summary"
"17","femicide_intimate_partner","count","2019","55","absolute","female","all","all","national","Delegacion_Gobierno","Estadística de Víctimas Mortales por Violencia de Género 2019","annual total","https://violenciagenero.igualdad.gob.es/violenciaEnCifras/victimasMortales/fichaMujeres/home.htm","medium","Value from secondary summary"
"18","femicide_intimate_partner","count","2020","44","absolute","female","all","all","national","Delegacion_Gobierno","Estadística de Víctimas Mortales por Violencia de Género 2020","annual total","https://violenciagenero.igualdad.gob.es/violenciaEnCifras/victimasMortales/fichaMujeres/home.htm","medium","COVID year — mobility restrictions may suppress reported homicides"
"19","femicide_intimate_partner","count","2021","43","absolute","female","all","all","national","Delegacion_Gobierno","Estadística de Víctimas Mortales por Violencia de Género 2021","annual total","https://violenciagenero.igualdad.gob.es/violenciaEnCifras/victimasMortales/fichaMujeres/home.htm","medium","Value from secondary summary"
"20","femicide_intimate_partner","count","2022","49","absolute","female","all","all","national","Delegacion_Gobierno","Estadística de Víctimas Mortales por Violencia de Género 2022","annual total","https://violenciagenero.igualdad.gob.es/violenciaEnCifras/victimasMortales/fichaMujeres/home.htm","medium","LO 10/2022 (Solo sí es sí) enacted Oct 2022 — affects sexual crime counts but not homicide registry"
"21","femicide_intimate_partner","count","2023","57","absolute","female","all","all","national","Delegacion_Gobierno","Estadística de Víctimas Mortales por Violencia de Género 2023","annual total","https://violenciagenero.igualdad.gob.es/violenciaEnCifras/victimasMortales/fichaMujeres/home.htm","medium","Value from secondary summary; verify against primary report"
"22","femicide_intimate_partner","count","2024","58","absolute","female","all","all","national","Delegacion_Gobierno","Estadística de Víctimas Mortales por Violencia de Género 2024","annual total","https://violenciagenero.igualdad.gob.es/violenciaEnCifras/victimasMortales/fichaMujeres/home.htm","low","Provisional / partial year figure — verify final count"
"23","femicide_intimate_partner","count","2000","","absolute","female","all","all","national","Delegacion_Gobierno","","annual total","https://violenciagenero.igualdad.gob.es/violenciaEnCifras/victimasMortales/fichaMujeres/home.htm","unverified","Registry started 2003; 2000-2002 may be reconstructed or unavailable — needs checking"
"24","femicide_intimate_partner","count","2001","","absolute","female","all","all","national","Delegacion_Gobierno","","annual total","","unverified","Pre-registry; needs primary source"
"25","femicide_intimate_partner","count","2002","","absolute","female","all","all","national","Delegacion_Gobierno","","annual total","","unverified","Pre-registry; needs primary source"
"26","victimisation_sexual_lifetime","prevalence_pct","2019","7.0","percent_women_ever_experienced","female","16+","all","national","Delegacion_Gobierno","Macroencuesta de Violencia contra la Mujer 2019","Table 2.1 / headline figure","https://violenciagenero.igualdad.gob.es/violenciaEnCifras/macroencuesta2015/Macroencuesta2019/home.htm","medium","Lifetime prevalence of sexual violence (any) since age 15; ~2500 sample — verify exact table and CI"
"27","victimisation_sexual_lifetime","prevalence_pct","2015","7.2","percent_women_ever_experienced","female","16+","all","national","Delegacion_Gobierno","Macroencuesta de Violencia contra la Mujer 2015","headline figure","https://violenciagenero.igualdad.gob.es/violenciaEnCifras/macroencuesta2015/home.htm","medium","2015 macroencuesta lifetime sexual violence prevalence; verify exact table"
"28","victimisation_sexual_lifetime","prevalence_pct","2011","","percent_women_ever_experienced","female","16+","all","national","Delegacion_Gobierno","Macroencuesta de Violencia contra la Mujer 2011","","","unverified","2011 wave — exact value needs primary source lookup"
"29","victimisation_partner_physical_lifetime","prevalence_pct","2019","12.0","percent_women_ever_experienced","female","16+","all","national","Delegacion_Gobierno","Macroencuesta de Violencia contra la Mujer 2019","headline figure","","medium","Lifetime physical violence by partner/ex; ~12% frequently cited — verify exact figure and definition"
"30","victimisation_partner_physical_lifetime","prevalence_pct","2015","10.3","percent_women_ever_experienced","female","16+","all","national","Delegacion_Gobierno","Macroencuesta de Violencia contra la Mujer 2015","headline figure","","medium","Verify exact figure"
"31","sexual_crimes_reported","count","2022","16468","absolute","female","all","all","national","Ministerio_Interior","Estadística de violencia doméstica y violencia de género 2022","","https://www.interior.gob.es/opencms/es/servicios-al-ciudadano/estadistica/estadisticas-de-seguridad/estadistica-de-violencia-domestica-y-violencia-de-genero/","low","CAUTION: LO 10/2022 enacted Oct 2022 merged abusos+agresiones → figure not comparable to prior years; verify exact value and scope (all victims not only female)"
"32","sexual_crimes_reported","count","2023","","absolute","all","all","all","national","Ministerio_Interior","Estadística de violencia doméstica y violencia de género 2023","","","unverified","Post-reform figures; need primary source — reported large increase due to reclassification"
"33","domestic_violence_denuncias","count","2019","166961","absolute","female","all","all","national","CGPJ","Estadística Violencia Doméstica y de Género 2019","Tabla 1","","medium","Denuncias por violencia de género (Ley Orgánica 1/2004 scope only: partner/ex); verify exact table"
"34","domestic_violence_denuncias","count","2020","152777","absolute","female","all","all","national","CGPJ","Estadística Violencia Doméstica y de Género 2020","Tabla 1","","medium","COVID suppression likely; verify"
"35","domestic_violence_denuncias","count","2021","164221","absolute","female","all","all","national","CGPJ","Estadística Violencia Doméstica y de Género 2021","Tabla 1","","medium","Verify"
"36","domestic_violence_denuncias","count","2022","168168","absolute","female","all","all","national","CGPJ","Estadística Violencia Doméstica y de Género 2022","Tabla 1","","medium","Verify"
"37","female_population_total","count","2000","20245507","absolute","female","all","all","national","INE","Padrón Municipal / Cifras de Población","Table: population by sex","","medium","Approximate; verify from INE Cifras de Población series"
"38","female_population_total","count","2010","23573744","absolute","female","all","all","national","INE","Padrón Municipal / Cifras de Población","Table: population by sex","","medium","Approximate; verify"
"39","female_population_total","count","2020","23847927","absolute","female","all","all","national","INE","Padrón Municipal / Cifras de Población","Table: population by sex","","medium","Approximate; verify"
"40","female_population_total","count","2023","24275217","absolute","female","all","all","national","INE","Padrón Municipal / Cifras de Población","Table: population by sex","","medium","Approximate; verify"
"41","femicide_rate_per100k","rate","2019","0.23","per_100k_women","female","all","all","national","DERIVED","","","","low","DERIVED: 55 / ~23.8M women * 100000; confidence low pending verified denominator"
"42","femicide_rate_per100k","rate","2020","0.18","per_100k_women","female","all","all","national","DERIVED","","","","low","DERIVED: 44 / ~23.9M; COVID year"
"43","femicide_rate_per100k","rate","2021","0.18","per_100k_women","female","all","all","national","DERIVED","","","","low","DERIVED: 43 / ~23.9M"
"44","femicide_rate_per100k","rate","2022","0.20","per_100k_women","female","all","all","national","DERIVED","","","","low","DERIVED: 49 / ~24.1M"
"45","femicide_rate_per100k","rate","2023","0.23","per_100k_women","female","all","all","national","DERIVED","","","","low","DERIVED: 57 / ~24.3M"
"46","rape_with_penetration_reported","count","2024","5206","absolute","all","all","all","national","Ministerio_Interior","Balance Criminalidad Q4 2024 / Informe Delitos Libertad Sexual 2024","annual total","https://estadisticasdecriminalidad.ses.mir.es/publico/portalestadistico/","medium","Haiku model cites as verified; category = agresión sexual con penetración post-LO10/2022; verify exact publication & table. Tasa 14.2/día per model."
"47","sexual_assault_without_penetration_reported","count","2024","15953","absolute","all","all","all","national","Ministerio_Interior","Balance Criminalidad Q4 2024","annual total","https://estadisticasdecriminalidad.ses.mir.es/publico/portalestadistico/","medium","Haiku model cites as verified; post-LO10/2022 category; verify"
"48","rape_with_penetration_reported","count","2023","4875","absolute","all","all","all","national","Ministerio_Interior","Informe Delitos Libertad Sexual 2023","annual total","https://estadisticasdecriminalidad.ses.mir.es/publico/portalestadistico/","medium","Haiku notes alternative figure 5106 from other sources; model flags ±230 uncertainty; verify"
"49","rape_with_penetration_reported","count","2022","4270","absolute","all","all","all","national","Ministerio_Interior","Anuario Estadístico 2022","annual total","https://estadisticasdecriminalidad.ses.mir.es/publico/portalestadistico/","medium","CRITICAL: LO10/2022 enacted 6-sept-2022; model notes alternative 4890 from Geo Violencia Sexual — discrepancy +620 (+14.5%). Pre-reform categories. Verify."
"50","sexual_assault_without_penetration_reported","count","2022","11426","absolute","all","all","all","national","Ministerio_Interior","Anuario Estadístico 2022","","https://estadisticasdecriminalidad.ses.mir.es/publico/portalestadistico/","medium","Pre-LO10/2022; verify"
"51","rape_with_penetration_reported","count","2019","5453","absolute","all","all","all","national","Ministerio_Interior","Anuario Estadístico 2019","annual total","https://estadisticasdecriminalidad.ses.mir.es/publico/portalestadistico/","medium","2019 appears as peak in recent series per model; verify — also note this is pre-LO10/2022 so definition differs from 2023+"
"52","rape_with_penetration_reported","count","2018","4141","absolute","all","all","all","national","Ministerio_Interior","Anuario Estadístico 2018","annual total","https://estadisticasdecriminalidad.ses.mir.es/publico/portalestadistico/","medium","Model also cites total delitos libertad sexual 2018 = 13782; verify both"
"53","sexual_crimes_total_reported","count","2018","13782","absolute","all","all","all","national","Ministerio_Interior","Anuario Estadístico 2018","annual total","","medium","Total delitos contra la libertad sexual 2018; verify — model says +53% vs 2012"
"54","rape_with_penetration_reported","count","2017","3716","absolute","all","all","all","national","Ministerio_Interior","Anuario Estadístico 2017","annual total","","medium","Verify"
"55","rape_with_penetration_reported","count","2021","2143","absolute","all","all","all","national","Geo_Violencia_Sexual","Portal Geo Violencia Sexual (análisis Anuarios MIR)","","","low","CRITICAL INCONSISTENCY: This figure (2143 for 2021) comes from 'Geo Violencia Sexual' portal and diverges massively from MIR Anuario series (2018=4141 2019=5453). Model says series 'diverge slightly' but the divergence is ~60% — likely different definition or scope. Also model elsewhere says '2021 SIN DATOS PUBLICADOS'. Mutually contradictory. Do NOT use until resolved."
"56","rape_with_penetration_reported","count","2020","1593","absolute","all","all","all","national","Geo_Violencia_Sexual","Portal Geo Violencia Sexual","","","low","Same Geo Violencia Sexual series as row 55 — massive divergence from MIR series; COVID year adds further complication; do NOT use until resolved"
"57","victimisation_sexual_any_lifetime","prevalence_pct","2019","13.7","percent_women_16plus_ever_experienced","female","16+","all","national","Delegacion_Gobierno_INE","Macroencuesta de Violencia contra la Mujer 2019","Main prevalence table","https://violenciagenero.igualdad.gob.es/violenciaEnCifras/macroencuesta2015/Macroencuesta2019/home.htm","medium","Sexual violence OUTSIDE partner, from age 15; sample n=9568; population base 20404897 women 16+; absolute = 2802914 women; verify exact table number and definition"
"58","victimisation_sexual_any_lifetime","prevalence_pct","2015","12.5","percent_women_16plus_ever_experienced","female","16+","all","national","Delegacion_Gobierno","Macroencuesta 2015","Main prevalence table","","medium","Sexual violence outside partner lifetime; verify"
"59","victimisation_sexual_by_partner_lifetime","prevalence_pct","2019","9.2","percent_women_with_partner_history_ever_experienced","female","16+","all","national","Delegacion_Gobierno_INE","Macroencuesta 2019","Partner violence section","","medium","Sexual violence by partner or ex-partner; absolute ~1876850 women; verify denominator definition (women with partner history vs all women 16+)"
"60","victimisation_sexual_by_partner_lifetime","prevalence_pct","2015","8.4","percent_women_with_partner_history_ever_experienced","female","16+","all","national","Delegacion_Gobierno","Macroencuesta 2015","Partner violence section","","medium","Verify"
"61","victimisation_sexual_any_annual","prevalence_pct","2018","1.8","percent_women_16plus_in_last_12months","female","16+","all","national","Delegacion_Gobierno_INE","Macroencuesta 2019 (12-month reference period = 2018)","Annual prevalence table","","medium","Sexual violence OUTSIDE partner in past 12 months; absolute ~359095; verify — this is the most critical figure for annual risk computation"
"62","victimisation_rape_by_partner_lifetime","prevalence_pct","2019","5.8","percent_women_with_partner_history_ever_experienced","female","16+","all","national","Delegacion_Gobierno_INE","Macroencuesta 2019","Estimated from model","","low","CAUTION: Model flags this as ESTIMATED (not directly in table); may be model's interpretation not a published figure — verify"
"63","victimisation_rape_outside_partner_lifetime","prevalence_pct","2019","2.2","percent_women_16plus_ever_experienced","female","16+","all","national","Delegacion_Gobierno_INE","Macroencuesta 2019","","https://violenciagenero.igualdad.gob.es/violenciaEnCifras/macroencuesta2015/Macroencuesta2019/home.htm","medium","Rape (violación) outside partner lifetime = 2.2%; absolute ~453371; verify exact table"
"64","victimisation_physical_sexual_combined_by_partner_lifetime","prevalence_pct","2019","14.2","percent_women_16plus_ever_experienced","female","16+","all","national","Delegacion_Gobierno_INE","Macroencuesta 2019","Combined violence section","","medium","Physical AND/OR sexual violence by partner lifetime; absolute ~2897896; verify"
"65","victimisation_physical_sexual_combined_by_partner_lifetime","prevalence_pct","2015","13.8","percent_women_16plus_ever_experienced","female","16+","all","national","Delegacion_Gobierno","Macroencuesta 2015","","","","medium","Verify"
"66","victimisation_any_violence_lifetime","prevalence_pct","2019","57.3","percent_women_16plus_ever_experienced","female","16+","all","national","Delegacion_Gobierno_INE","Macroencuesta 2019","Any violence (physical sexual psychological economic by any perpetrator)","","medium","57.3% lifetime ANY violence machista — this is the broadest definition; not useful for criminal probability estimate without careful scope clarification"
"67","reporting_rate_sexual_violence","prevalence_pct","2019","8.0","percent_victims_who_reported_to_police","female","16+","all","national","Delegacion_Gobierno_INE","Macroencuesta 2019","Denuncia section","","medium","Only 8% of sexual violence outside partner reported to police/GC/court; implies dark-figure multiplier ~12.5x for police counts; verify — model also cites 11.1% when third-party reports included"
"68","sexual_crimes_victim_female_pct","proportion","2023","85.5","percent_of_victims_who_are_female","all","all","all","national","Ministerio_Interior","Informe Delitos Libertad Sexual 2023","","https://estadisticasdecriminalidad.ses.mir.es/publico/portalestadistico/","medium","Model: 18464 female victims out of 21580 total = 85.6%; verify exact figures from 2023 report"
"69","sexual_crimes_victim_female_count","count","2023","18464","absolute","female","all","all","national","Ministerio_Interior","Informe Delitos Libertad Sexual 2023","","https://estadisticasdecriminalidad.ses.mir.es/publico/portalestadistico/","medium","Verify"
"70","sexual_crimes_total_victims","count","2023","21580","absolute","all","all","all","national","Ministerio_Interior","Informe Delitos Libertad Sexual 2023","","https://estadisticasdecriminalidad.ses.mir.es/publico/portalestadistico/","medium","Model cites also 19981 and 21825 as total in 2023 — three different figures, contradictory; low confidence pending resolution"
"71","sexual_crimes_victim_minor_pct","proportion","2023","42.6","percent_of_victims_aged_0_to_17","all","0-17","all","national","Ministerio_Interior","Informe Delitos Libertad Sexual 2023","","https://estadisticasdecriminalidad.ses.mir.es/publico/portalestadistico/","medium","Model: 19.6% aged 0-13 + 22.9% aged 14-17 = 42.5% (slight rounding diff from 42.6%); verify"
"72","sexual_crimes_victim_18_30_rape_pct","proportion","2023","35.4","percent_of_rape_victims_aged_18_30","female","18-30","all","national","Geo_Violencia_Sexual","Análisis datos Ministerio Interior 2023","","","","low","Attributed to Geo Violencia Sexual analysis not primary MIR publication; verify source and definition"
"73","sexual_crimes_perpetrator_male_pct","proportion","2023","93.0","percent_of_perpetrators_who_are_male","all","all","all","national","Ministerio_Interior","Informe Delitos Libertad Sexual 2023","","https://estadisticasdecriminalidad.ses.mir.es/publico/portalestadistico/","medium","13767 detenciones/investigaciones; 93% men; verify"
"74","sexual_crimes_perpetrator_spanish_pct","proportion","2023","62.7","percent_of_perpetrators_who_are_spanish","all","all","all","national","Ministerio_Interior","Informe Delitos Libertad Sexual 2023","","https://estadisticasdecriminalidad.ses.mir.es/publico/portalestadistico/","medium","POLITICALLY SENSITIVE: 37.3% foreign perpetrators — verify extremely carefully; note this is % of detenciones not of all crimes; denominator matters"
"75","sexual_crimes_victim_spanish_pct","proportion","2023","73.8","percent_of_victims_who_are_spanish","all","all","all","national","Ministerio_Interior","Informe Delitos Libertad Sexual 2023","","https://estadisticasdecriminalidad.ses.mir.es/publico/portalestadistico/","medium","15928 Spanish victims of 21580 total; 84.6% of female victims specifically; verify"
"76","convicted_sexual_crimes_adults","count","2024","","absolute","all","all","all","national","INE","Estadística de Condenados 2024","","","low","INE Condenados 2024 published Sept 2025 — accessible to Haiku (May 2026). NOT necessarily fabricated from timeline perspective. HOWEVER: internal arithmetic error: subcategories 1151+1097+1389+90+1593=5320 ≠ stated 5230 (off by 90). Unverified until checked against actual INE table. Haiku model marks as VERIFICADO with no table/page reference.","FABRICATED: Model claims published Sept 2025 but conversation is May 2025 — this data could not have existed. Model gives figure 5230 (+50.8% vs 2023). DO NOT USE."
"77","convicted_sexual_crimes_adults","count","2023","3468","absolute","all","all","all","national","INE","Estadística de Condenados 2023","","https://www.ine.es/","low","Model claims published Sept 2024; plausible timing but exact value unverified; model also gives 2022 figure as base for -9.6% = ~3839 for 2022; cross-check INE tables 28857"
"78","femicide_migrant_proportion","proportion","2024","51.0","percent_of_femicide_victims_who_are_migrants","female","all","foreign","national","unknown","Source not clearly cited in model files","","","unverified","Model mentions '51% feminicidios 2024 eran migrantes' with no clear primary source — extremely sensitive claim, verify against Delegación del Gobierno annual report before any use"
"79","macroencuesta_2024_fielding","meta","2024","","not_applicable","female","16+","all","national","Delegacion_Gobierno_INE","Macroencuesta 2024 (in-field during May 2025)","n=11894","https://violenciagenero.igualdad.gob.es/","low","Model states fieldwork Sept 2024 - April 2025; results likely not yet published as of May 2025; data from this wave unavailable for current analysis"
"80","sexual_crimes_fiscalia_diligencias","count","2024","20711","absolute","all","all","all","national","Fiscalia_General","Memoria Fiscalía 2024","","","low","Fiscalía Memoria 2024 published Sept 2025 — accessible to Haiku (May 2026). Not necessarily fabricated. But no exact page/table cited; verify against actual Memoria 2024 text."
"81","rape_reported_geo_vs_mir_discrepancy","meta","2019","","not_applicable","all","all","all","national","INCONSISTENCY_FLAG","","","","","unverified","CRITICAL: GVS series gives 2019=1872 violaciones but MIR Anuario series gives 2019=5453 — factor 2.9x difference for same year. Model says 'diverge slightly' which is wildly inaccurate. Root cause unknown: different legal definition? Different territory? Must resolve before using either series."
